episode_id,partition,intervention_id,layer,direction_id,prompt_id,family,alpha,observed_effect,baseline_output,intervened_output,pre_dot,method,predicted_effect,predicted_direction,uncertainty,model_version
train:M22.1-D1-L0:g-completion-01,train,M22.1-D1-L0,0,D1,g-completion-01,completion,1.0,0.026567459106445312,-3.703622817993164,-3.6770553588867188,-0.043686721473932266,,,,,
train:M22.1-D2-L0:g-completion-01,train,M22.1-D2-L0,0,D2,g-completion-01,completion,1.0,-0.3383302688598633,-3.703622817993164,-4.041953086853027,-0.35613057017326355,,,,,
train:M22.1-D1-L8:g-completion-01,train,M22.1-D1-L8,8,D1,g-completion-01,completion,1.0,0.0017232894897460938,-3.703622817993164,-3.701899528503418,-0.11459454894065857,,,,,
train:M22.1-D2-L8:g-completion-01,train,M22.1-D2-L8,8,D2,g-completion-01,completion,1.0,-0.11329460144042969,-3.703622817993164,-3.8169174194335938,-1.3958660364151,,,,,
train:M22.1-D1-L15:g-completion-01,train,M22.1-D1-L15,15,D1,g-completion-01,completion,1.0,-0.026014328002929688,-3.703622817993164,-3.7296371459960938,0.0667857825756073,,,,,
train:M22.1-D2-L15:g-completion-01,train,M22.1-D2-L15,15,D2,g-completion-01,completion,1.0,0.034600257873535156,-3.703622817993164,-3.669022560119629,-1.236100196838379,,,,,
train:M22.1-D1-L0:g-completion-04,train,M22.1-D1-L0,0,D1,g-completion-04,completion,1.0,0.03822803497314453,-1.8596773147583008,-1.8214492797851562,0.060546934604644775,,,,,
train:M22.1-D2-L0:g-completion-04,train,M22.1-D2-L0,0,D2,g-completion-04,completion,1.0,0.0146636962890625,-1.8596773147583008,-1.8450136184692383,0.030953634530305862,,,,,
train:M22.1-D1-L8:g-completion-04,train,M22.1-D1-L8,8,D1,g-completion-04,completion,1.0,-0.039801597595214844,-1.8596773147583008,-1.8994789123535156,-0.13839200139045715,,,,,
train:M22.1-D2-L8:g-completion-04,train,M22.1-D2-L8,8,D2,g-completion-04,completion,1.0,-0.0265655517578125,-1.8596773147583008,-1.8862428665161133,-0.2563375234603882,,,,,
train:M22.1-D1-L15:g-completion-04,train,M22.1-D1-L15,15,D1,g-completion-04,completion,1.0,-0.0457606315612793,-1.8596773147583008,-1.90543794631958,0.4218612313270569,,,,,
train:M22.1-D2-L15:g-completion-04,train,M22.1-D2-L15,15,D2,g-completion-04,completion,1.0,0.013417243957519531,-1.8596773147583008,-1.8462600708007812,-0.294675350189209,,,,,
train:M22.1-D1-L0:g-completion-07,train,M22.1-D1-L0,0,D1,g-completion-07,completion,1.0,-0.09212064743041992,-1.1675105094909668,-1.2596311569213867,0.4080965518951416,,,,,
train:M22.1-D2-L0:g-completion-07,train,M22.1-D2-L0,0,D2,g-completion-07,completion,1.0,-0.005618095397949219,-1.1675105094909668,-1.173128604888916,-0.03992200270295143,,,,,
train:M22.1-D1-L8:g-completion-07,train,M22.1-D1-L8,8,D1,g-completion-07,completion,1.0,-0.041590213775634766,-1.1675105094909668,-1.2091007232666016,0.783687949180603,,,,,
train:M22.1-D2-L8:g-completion-07,train,M22.1-D2-L8,8,D2,g-completion-07,completion,1.0,-0.0488734245300293,-1.1675105094909668,-1.216383934020996,-0.6245213150978088,,,,,
train:M22.1-D1-L15:g-completion-07,train,M22.1-D1-L15,15,D1,g-completion-07,completion,1.0,0.0023827552795410156,-1.1675105094909668,-1.1651277542114258,2.3907206058502197,,,,,
train:M22.1-D2-L15:g-completion-07,train,M22.1-D2-L15,15,D2,g-completion-07,completion,1.0,-0.031586647033691406,-1.1675105094909668,-1.1990971565246582,-1.108324646949768,,,,,
train:M22.1-D1-L0:g-completion-10,train,M22.1-D1-L0,0,D1,g-completion-10,completion,1.0,-0.282869815826416,-5.742815971374512,-6.025685787200928,0.37246203422546387,,,,,
train:M22.1-D2-L0:g-completion-10,train,M22.1-D2-L0,0,D2,g-completion-10,completion,1.0,0.2932295799255371,-5.742815971374512,-5.449586391448975,0.31516310572624207,,,,,
train:M22.1-D1-L8:g-completion-10,train,M22.1-D1-L8,8,D1,g-completion-10,completion,1.0,-0.14288997650146484,-5.742815971374512,-5.885705947875977,0.1497201919555664,,,,,
train:M22.1-D2-L8:g-completion-10,train,M22.1-D2-L8,8,D2,g-completion-10,completion,1.0,0.03548908233642578,-5.742815971374512,-5.707326889038086,0.002252519130706787,,,,,
train:M22.1-D1-L15:g-completion-10,train,M22.1-D1-L15,15,D1,g-completion-10,completion,1.0,-0.14176702499389648,-5.742815971374512,-5.884582996368408,1.1136510372161865,,,,,
train:M22.1-D2-L15:g-completion-10,train,M22.1-D2-L15,15,D2,g-completion-10,completion,1.0,-0.0070590972900390625,-5.742815971374512,-5.749875068664551,-0.07059119641780853,,,,,
train:M22.1-D1-L0:g-instruction-01,train,M22.1-D1-L0,0,D1,g-instruction-01,instruction,1.0,0.39090394973754883,-1.238955020904541,-0.8480510711669922,-0.007626697421073914,,,,,
train:M22.1-D2-L0:g-instruction-01,train,M22.1-D2-L0,0,D2,g-instruction-01,instruction,1.0,0.5047106742858887,-1.238955020904541,-0.7342443466186523,-0.3678269386291504,,,,,
train:M22.1-D1-L8:g-instruction-01,train,M22.1-D1-L8,8,D1,g-instruction-01,instruction,1.0,0.18022918701171875,-1.238955020904541,-1.0587258338928223,-0.037751585245132446,,,,,
train:M22.1-D2-L8:g-instruction-01,train,M22.1-D2-L8,8,D2,g-instruction-01,instruction,1.0,0.04420804977416992,-1.238955020904541,-1.194746971130371,-1.0329649448394775,,,,,
train:M22.1-D1-L15:g-instruction-01,train,M22.1-D1-L15,15,D1,g-instruction-01,instruction,1.0,-0.06626224517822266,-1.238955020904541,-1.3052172660827637,0.8472084999084473,,,,,
train:M22.1-D2-L15:g-instruction-01,train,M22.1-D2-L15,15,D2,g-instruction-01,instruction,1.0,0.001407623291015625,-1.238955020904541,-1.2375473976135254,-1.5378087759017944,,,,,
train:M22.1-D1-L0:g-instruction-04,train,M22.1-D1-L0,0,D1,g-instruction-04,instruction,1.0,0.1528606414794922,0.9446287155151367,1.097489356994629,0.012113124132156372,,,,,
train:M22.1-D2-L0:g-instruction-04,train,M22.1-D2-L0,0,D2,g-instruction-04,instruction,1.0,0.10864639282226562,0.9446287155151367,1.0532751083374023,-0.39348649978637695,,,,,
train:M22.1-D1-L8:g-instruction-04,train,M22.1-D1-L8,8,D1,g-instruction-04,instruction,1.0,0.06005287170410156,0.9446287155151367,1.0046815872192383,0.41438671946525574,,,,,
train:M22.1-D2-L8:g-instruction-04,train,M22.1-D2-L8,8,D2,g-instruction-04,instruction,1.0,-0.09122467041015625,0.9446287155151367,0.8534040451049805,-1.5870641469955444,,,,,
train:M22.1-D1-L15:g-instruction-04,train,M22.1-D1-L15,15,D1,g-instruction-04,instruction,1.0,-0.0584259033203125,0.9446287155151367,0.8862028121948242,0.5733537077903748,,,,,
train:M22.1-D2-L15:g-instruction-04,train,M22.1-D2-L15,15,D2,g-instruction-04,instruction,1.0,-0.0031499862670898438,0.9446287155151367,0.9414787292480469,-2.2989070415496826,,,,,
train:M22.1-D1-L0:g-instruction-07,train,M22.1-D1-L0,0,D1,g-instruction-07,instruction,1.0,0.045187950134277344,-0.25293636322021484,-0.2077484130859375,-0.008579179644584656,,,,,
train:M22.1-D2-L0:g-instruction-07,train,M22.1-D2-L0,0,D2,g-instruction-07,instruction,1.0,-0.037789344787597656,-0.25293636322021484,-0.2907257080078125,-0.3756547272205353,,,,,
train:M22.1-D1-L8:g-instruction-07,train,M22.1-D1-L8,8,D1,g-instruction-07,instruction,1.0,-0.039669036865234375,-0.25293636322021484,-0.2926054000854492,0.04237085580825806,,,,,
train:M22.1-D2-L8:g-instruction-07,train,M22.1-D2-L8,8,D2,g-instruction-07,instruction,1.0,-0.02814006805419922,-0.25293636322021484,-0.28107643127441406,-1.1565065383911133,,,,,
train:M22.1-D1-L15:g-instruction-07,train,M22.1-D1-L15,15,D1,g-instruction-07,instruction,1.0,-0.011289596557617188,-0.25293636322021484,-0.26422595977783203,0.541526198387146,,,,,
train:M22.1-D2-L15:g-instruction-07,train,M22.1-D2-L15,15,D2,g-instruction-07,instruction,1.0,0.09589481353759766,-0.25293636322021484,-0.1570415496826172,-1.6798951625823975,,,,,
train:M22.1-D1-L0:g-instruction-10,train,M22.1-D1-L0,0,D1,g-instruction-10,instruction,1.0,0.020422935485839844,-0.1852426528930664,-0.16481971740722656,0.029882222414016724,,,,,
train:M22.1-D2-L0:g-instruction-10,train,M22.1-D2-L0,0,D2,g-instruction-10,instruction,1.0,-0.09493446350097656,-0.1852426528930664,-0.28017711639404297,-0.396917462348938,,,,,
train:M22.1-D1-L8:g-instruction-10,train,M22.1-D1-L8,8,D1,g-instruction-10,instruction,1.0,-0.07831764221191406,-0.1852426528930664,-0.26356029510498047,0.4660446345806122,,,,,
train:M22.1-D2-L8:g-instruction-10,train,M22.1-D2-L8,8,D2,g-instruction-10,instruction,1.0,0.021732330322265625,-0.1852426528930664,-0.16351032257080078,-1.4240802526474,,,,,
train:M22.1-D1-L15:g-instruction-10,train,M22.1-D1-L15,15,D1,g-instruction-10,instruction,1.0,-0.028635025024414062,-0.1852426528930664,-0.21387767791748047,0.47594887018203735,,,,,
train:M22.1-D2-L15:g-instruction-10,train,M22.1-D2-L15,15,D2,g-instruction-10,instruction,1.0,-0.009221076965332031,-0.1852426528930664,-0.19446372985839844,-1.9398524761199951,,,,,
train:M22.1-D1-L0:g-syntax-01,train,M22.1-D1-L0,0,D1,g-syntax-01,syntax,1.0,0.08911418914794922,-5.224222183227539,-5.13510799407959,0.08100499212741852,,,,,
train:M22.1-D2-L0:g-syntax-01,train,M22.1-D2-L0,0,D2,g-syntax-01,syntax,1.0,0.0046710968017578125,-5.224222183227539,-5.219551086425781,-0.26525139808654785,,,,,
train:M22.1-D1-L8:g-syntax-01,train,M22.1-D1-L8,8,D1,g-syntax-01,syntax,1.0,-0.038333892822265625,-5.224222183227539,-5.262556076049805,0.046481192111968994,,,,,
train:M22.1-D2-L8:g-syntax-01,train,M22.1-D2-L8,8,D2,g-syntax-01,syntax,1.0,0.05249500274658203,-5.224222183227539,-5.171727180480957,-0.4372527599334717,,,,,
train:M22.1-D1-L15:g-syntax-01,train,M22.1-D1-L15,15,D1,g-syntax-01,syntax,1.0,-0.00047969818115234375,-5.224222183227539,-5.224701881408691,0.3720051348209381,,,,,
train:M22.1-D2-L15:g-syntax-01,train,M22.1-D2-L15,15,D2,g-syntax-01,syntax,1.0,0.0079803466796875,-5.224222183227539,-5.216241836547852,0.10860876739025116,,,,,
train:M22.1-D1-L0:g-syntax-04,train,M22.1-D1-L0,0,D1,g-syntax-04,syntax,1.0,-0.015475749969482422,-5.026805877685547,-5.042281627655029,0.08257852494716644,,,,,
train:M22.1-D2-L0:g-syntax-04,train,M22.1-D2-L0,0,D2,g-syntax-04,syntax,1.0,-0.060604095458984375,-5.026805877685547,-5.087409973144531,-0.29736143350601196,,,,,
train:M22.1-D1-L8:g-syntax-04,train,M22.1-D1-L8,8,D1,g-syntax-04,syntax,1.0,0.0012178421020507812,-5.026805877685547,-5.025588035583496,0.10515424609184265,,,,,
train:M22.1-D2-L8:g-syntax-04,train,M22.1-D2-L8,8,D2,g-syntax-04,syntax,1.0,0.04451179504394531,-5.026805877685547,-4.982294082641602,-0.6906391382217407,,,,,
train:M22.1-D1-L15:g-syntax-04,train,M22.1-D1-L15,15,D1,g-syntax-04,syntax,1.0,0.07097721099853516,-5.026805877685547,-4.955828666687012,0.0164717435836792,,,,,
train:M22.1-D2-L15:g-syntax-04,train,M22.1-D2-L15,15,D2,g-syntax-04,syntax,1.0,0.01027059555053711,-5.026805877685547,-5.01653528213501,-0.11102861166000366,,,,,
train:M22.1-D1-L0:g-syntax-07,train,M22.1-D1-L0,0,D1,g-syntax-07,syntax,1.0,0.14523887634277344,-6.162074089050293,-6.0168352127075195,0.09923316538333893,,,,,
train:M22.1-D2-L0:g-syntax-07,train,M22.1-D2-L0,0,D2,g-syntax-07,syntax,1.0,0.2203540802001953,-6.162074089050293,-5.941720008850098,-0.29943937063217163,,,,,
train:M22.1-D1-L8:g-syntax-07,train,M22.1-D1-L8,8,D1,g-syntax-07,syntax,1.0,0.06316566467285156,-6.162074089050293,-6.098908424377441,0.388576477766037,,,,,
train:M22.1-D2-L8:g-syntax-07,train,M22.1-D2-L8,8,D2,g-syntax-07,syntax,1.0,0.14844036102294922,-6.162074089050293,-6.013633728027344,-0.4958952069282532,,,,,
train:M22.1-D1-L15:g-syntax-07,train,M22.1-D1-L15,15,D1,g-syntax-07,syntax,1.0,0.009833335876464844,-6.162074089050293,-6.152240753173828,0.44751039147377014,,,,,
train:M22.1-D2-L15:g-syntax-07,train,M22.1-D2-L15,15,D2,g-syntax-07,syntax,1.0,0.06866979598999023,-6.162074089050293,-6.093404293060303,-0.016272664070129395,,,,,
train:M22.1-D1-L0:g-syntax-10,train,M22.1-D1-L0,0,D1,g-syntax-10,syntax,1.0,-0.02142810821533203,-3.121959686279297,-3.143387794494629,0.08269795030355453,,,,,
train:M22.1-D2-L0:g-syntax-10,train,M22.1-D2-L0,0,D2,g-syntax-10,syntax,1.0,0.023201942443847656,-3.121959686279297,-3.098757743835449,-0.24409306049346924,,,,,
train:M22.1-D1-L8:g-syntax-10,train,M22.1-D1-L8,8,D1,g-syntax-10,syntax,1.0,-0.0220947265625,-3.121959686279297,-3.144054412841797,0.08040428161621094,,,,,
train:M22.1-D2-L8:g-syntax-10,train,M22.1-D2-L8,8,D2,g-syntax-10,syntax,1.0,0.00335693359375,-3.121959686279297,-3.118602752685547,-0.6104567050933838,,,,,
train:M22.1-D1-L15:g-syntax-10,train,M22.1-D1-L15,15,D1,g-syntax-10,syntax,1.0,-0.02503681182861328,-3.121959686279297,-3.14699649810791,-0.3003336191177368,,,,,
train:M22.1-D2-L15:g-syntax-10,train,M22.1-D2-L15,15,D2,g-syntax-10,syntax,1.0,0.02718830108642578,-3.121959686279297,-3.094771385192871,-0.25555720925331116,,,,,
validation:M22.1-D1-L0:g-completion-02,validation,M22.1-D1-L0,0,D1,g-completion-02,completion,1.0,0.04445219039916992,-4.287411689758301,-4.242959499359131,0.24168574810028076,initial,0.041385809580485024,1,0.1591114502042553,1
validation:M22.1-D2-L0:g-completion-02,validation,M22.1-D2-L0,0,D2,g-completion-02,completion,1.0,-0.048449039459228516,-4.287411689758301,-4.335860729217529,-0.05988471955060959,initial,0.05268343289693197,1,0.21259381497247531,1
validation:M22.1-D1-L8:g-completion-02,validation,M22.1-D1-L8,8,D1,g-completion-02,completion,1.0,-0.045877933502197266,-4.287411689758301,-4.333289623260498,0.2163824737071991,initial,-0.008025685946146647,-1,0.08130007826084083,1
validation:M22.1-D2-L8:g-completion-02,validation,M22.1-D2-L8,8,D2,g-completion-02,completion,1.0,-0.13553094863891602,-4.287411689758301,-4.422942638397217,-0.3585242033004761,initial,0.0035112698872884116,1,0.07094480467508316,1
validation:M22.1-D1-L15:g-completion-02,validation,M22.1-D1-L15,15,D1,g-completion-02,completion,1.0,0.06424617767333984,-4.287411689758301,-4.223165512084961,0.008390456438064575,initial,-0.026706496874491375,-1,0.05119368378378787,1
validation:M22.1-D2-L15:g-completion-02,validation,M22.1-D2-L15,15,D2,g-completion-02,completion,1.0,-0.1169729232788086,-4.287411689758301,-4.404384613037109,-0.6001187562942505,initial,0.01736768086751302,1,0.03531903214095229,1
validation:M22.1-D1-L0:g-completion-05,validation,M22.1-D1-L0,0,D1,g-completion-05,completion,1.0,0.009264945983886719,-5.787863731384277,-5.778598785400391,-0.008252650499343872,initial,0.041385809580485024,1,0.1591114502042553,1
validation:M22.1-D2-L0:g-completion-05,validation,M22.1-D2-L0,0,D2,g-completion-05,completion,1.0,-0.013185501098632812,-5.787863731384277,-5.80104923248291,-0.12273485958576202,initial,0.05268343289693197,1,0.21259381497247531,1
validation:M22.1-D1-L8:g-completion-05,validation,M22.1-D1-L8,8,D1,g-completion-05,completion,1.0,0.016513824462890625,-5.787863731384277,-5.771349906921387,0.105098657310009,initial,-0.008025685946146647,-1,0.08130007826084083,1
validation:M22.1-D2-L8:g-completion-05,validation,M22.1-D2-L8,8,D2,g-completion-05,completion,1.0,0.0042972564697265625,-5.787863731384277,-5.783566474914551,-0.9083598256111145,initial,0.0035112698872884116,1,0.07094480467508316,1
validation:M22.1-D1-L15:g-completion-05,validation,M22.1-D1-L15,15,D1,g-completion-05,completion,1.0,-0.018143653869628906,-5.787863731384277,-5.806007385253906,-0.08368930220603943,initial,-0.026706496874491375,-1,0.05119368378378787,1
validation:M22.1-D2-L15:g-completion-05,validation,M22.1-D2-L15,15,D2,g-completion-05,completion,1.0,-0.00819540023803711,-5.787863731384277,-5.7960591316223145,-0.752494215965271,initial,0.01736768086751302,1,0.03531903214095229,1
validation:M22.1-D1-L0:g-completion-08,validation,M22.1-D1-L0,0,D1,g-completion-08,completion,1.0,-0.017729759216308594,-5.2943902015686035,-5.312119960784912,-0.016125546768307686,initial,0.041385809580485024,1,0.1591114502042553,1
validation:M22.1-D2-L0:g-completion-08,validation,M22.1-D2-L0,0,D2,g-completion-08,completion,1.0,0.06839704513549805,-5.2943902015686035,-5.2259931564331055,-0.02285536378622055,initial,0.05268343289693197,1,0.21259381497247531,1
validation:M22.1-D1-L8:g-completion-08,validation,M22.1-D1-L8,8,D1,g-completion-08,completion,1.0,0.04910469055175781,-5.2943902015686035,-5.245285511016846,-0.14374525845050812,initial,-0.008025685946146647,-1,0.08130007826084083,1
validation:M22.1-D2-L8:g-completion-08,validation,M22.1-D2-L8,8,D2,g-completion-08,completion,1.0,0.020656108856201172,-5.2943902015686035,-5.273734092712402,0.17429915070533752,initial,0.0035112698872884116,1,0.07094480467508316,1
validation:M22.1-D1-L15:g-completion-08,validation,M22.1-D1-L15,15,D1,g-completion-08,completion,1.0,-0.035044193267822266,-5.2943902015686035,-5.329434394836426,0.9290964603424072,initial,-0.026706496874491375,-1,0.05119368378378787,1
validation:M22.1-D2-L15:g-completion-08,validation,M22.1-D2-L15,15,D2,g-completion-08,completion,1.0,-0.007124900817871094,-5.2943902015686035,-5.301515102386475,0.051110297441482544,initial,0.01736768086751302,1,0.03531903214095229,1
validation:M22.1-D1-L0:g-completion-11,validation,M22.1-D1-L0,0,D1,g-completion-11,completion,1.0,0.034615516662597656,-2.3289976119995117,-2.294382095336914,-0.06490842252969742,initial,0.041385809580485024,1,0.1591114502042553,1
validation:M22.1-D2-L0:g-completion-11,validation,M22.1-D2-L0,0,D2,g-completion-11,completion,1.0,0.04020214080810547,-2.3289976119995117,-2.2887954711914062,-0.37320470809936523,initial,0.05268343289693197,1,0.21259381497247531,1
validation:M22.1-D1-L8:g-completion-11,validation,M22.1-D1-L8,8,D1,g-completion-11,completion,1.0,-0.0187225341796875,-2.3289976119995117,-2.347720146179199,-0.008348122239112854,initial,-0.008025685946146647,-1,0.08130007826084083,1
validation:M22.1-D2-L8:g-completion-11,validation,M22.1-D2-L8,8,D2,g-completion-11,completion,1.0,-0.11292457580566406,-2.3289976119995117,-2.441922187805176,-0.5583001375198364,initial,0.0035112698872884116,1,0.07094480467508316,1
validation:M22.1-D1-L15:g-completion-11,validation,M22.1-D1-L15,15,D1,g-completion-11,completion,1.0,-0.0968008041381836,-2.3289976119995117,-2.4257984161376953,0.6459789276123047,initial,-0.026706496874491375,-1,0.05119368378378787,1
validation:M22.1-D2-L15:g-completion-11,validation,M22.1-D2-L15,15,D2,g-completion-11,completion,1.0,0.08229732513427734,-2.3289976119995117,-2.2467002868652344,-1.2025601863861084,initial,0.01736768086751302,1,0.03531903214095229,1
validation:M22.1-D1-L0:g-instruction-02,validation,M22.1-D1-L0,0,D1,g-instruction-02,instruction,1.0,0.053314208984375,-1.2373275756835938,-1.1840133666992188,0.008730307221412659,initial,0.041385809580485024,1,0.1591114502042553,1
validation:M22.1-D2-L0:g-instruction-02,validation,M22.1-D2-L0,0,D2,g-instruction-02,instruction,1.0,0.060413360595703125,-1.2373275756835938,-1.1769142150878906,-0.41660046577453613,initial,0.05268343289693197,1,0.21259381497247531,1
validation:M22.1-D1-L8:g-instruction-02,validation,M22.1-D1-L8,8,D1,g-instruction-02,instruction,1.0,0.13173961639404297,-1.2373275756835938,-1.1055879592895508,-0.0014942288398742676,initial,-0.008025685946146647,-1,0.08130007826084083,1
validation:M22.1-D2-L8:g-instruction-02,validation,M22.1-D2-L8,8,D2,g-instruction-02,instruction,1.0,0.03144073486328125,-1.2373275756835938,-1.2058868408203125,-0.9925380945205688,initial,0.0035112698872884116,1,0.07094480467508316,1
validation:M22.1-D1-L15:g-instruction-02,validation,M22.1-D1-L15,15,D1,g-instruction-02,instruction,1.0,-0.014116287231445312,-1.2373275756835938,-1.251443862915039,0.6653328537940979,initial,-0.026706496874491375,-1,0.05119368378378787,1
validation:M22.1-D2-L15:g-instruction-02,validation,M22.1-D2-L15,15,D2,g-instruction-02,instruction,1.0,0.13642024993896484,-1.2373275756835938,-1.100907325744629,-1.7219805717468262,initial,0.01736768086751302,1,0.03531903214095229,1
validation:M22.1-D1-L0:g-instruction-05,validation,M22.1-D1-L0,0,D1,g-instruction-05,instruction,1.0,0.1901841163635254,-4.187202453613281,-3.997018337249756,0.025595098733901978,initial,0.041385809580485024,1,0.1591114502042553,1
validation:M22.1-D2-L0:g-instruction-05,validation,M22.1-D2-L0,0,D2,g-instruction-05,instruction,1.0,0.06981420516967773,-4.187202453613281,-4.1173882484436035,-0.3897000551223755,initial,0.05268343289693197,1,0.21259381497247531,1
validation:M22.1-D1-L8:g-instruction-05,validation,M22.1-D1-L8,8,D1,g-instruction-05,instruction,1.0,-0.01874399185180664,-4.187202453613281,-4.205946445465088,0.029642105102539062,initial,-0.008025685946146647,-1,0.08130007826084083,1
validation:M22.1-D2-L8:g-instruction-05,validation,M22.1-D2-L8,8,D2,g-instruction-05,instruction,1.0,0.1032257080078125,-4.187202453613281,-4.083976745605469,-1.4588232040405273,initial,0.0035112698872884116,1,0.07094480467508316,1
validation:M22.1-D1-L15:g-instruction-05,validation,M22.1-D1-L15,15,D1,g-instruction-05,instruction,1.0,0.0018472671508789062,-4.187202453613281,-4.185355186462402,0.6108496785163879,initial,-0.026706496874491375,-1,0.05119368378378787,1
validation:M22.1-D2-L15:g-instruction-05,validation,M22.1-D2-L15,15,D2,g-instruction-05,instruction,1.0,0.0313420295715332,-4.187202453613281,-4.155860424041748,-1.10169517993927,initial,0.01736768086751302,1,0.03531903214095229,1
validation:M22.1-D1-L0:g-instruction-08,validation,M22.1-D1-L0,0,D1,g-instruction-08,instruction,1.0,0.07141494750976562,-0.4232664108276367,-0.3518514633178711,0.04012605547904968,initial,0.041385809580485024,1,0.1591114502042553,1
validation:M22.1-D2-L0:g-instruction-08,validation,M22.1-D2-L0,0,D2,g-instruction-08,instruction,1.0,-0.04938316345214844,-0.4232664108276367,-0.47264957427978516,-0.36387938261032104,initial,0.05268343289693197,1,0.21259381497247531,1
validation:M22.1-D1-L8:g-instruction-08,validation,M22.1-D1-L8,8,D1,g-instruction-08,instruction,1.0,0.042578697204589844,-0.4232664108276367,-0.3806877136230469,0.3237749934196472,initial,-0.008025685946146647,-1,0.08130007826084083,1
validation:M22.1-D2-L8:g-instruction-08,validation,M22.1-D2-L8,8,D2,g-instruction-08,instruction,1.0,0.0975656509399414,-0.4232664108276367,-0.3257007598876953,-1.453583002090454,initial,0.0035112698872884116,1,0.07094480467508316,1
validation:M22.1-D1-L15:g-instruction-08,validation,M22.1-D1-L15,15,D1,g-instruction-08,instruction,1.0,-0.1123361587524414,-0.4232664108276367,-0.5356025695800781,0.699917197227478,initial,-0.026706496874491375,-1,0.05119368378378787,1
validation:M22.1-D2-L15:g-instruction-08,validation,M22.1-D2-L15,15,D2,g-instruction-08,instruction,1.0,0.15465641021728516,-0.4232664108276367,-0.26861000061035156,-1.8943144083023071,initial,0.01736768086751302,1,0.03531903214095229,1
validation:M22.1-D1-L0:g-instruction-11,validation,M22.1-D1-L0,0,D1,g-instruction-11,instruction,1.0,0.10222244262695312,-2.613628387451172,-2.5114059448242188,0.01628008484840393,initial,0.041385809580485024,1,0.1591114502042553,1
validation:M22.1-D2-L0:g-instruction-11,validation,M22.1-D2-L0,0,D2,g-instruction-11,instruction,1.0,0.15340328216552734,-2.613628387451172,-2.4602251052856445,-0.3830760717391968,initial,0.05268343289693197,1,0.21259381497247531,1
validation:M22.1-D1-L8:g-instruction-11,validation,M22.1-D1-L8,8,D1,g-instruction-11,instruction,1.0,0.1762552261352539,-2.613628387451172,-2.437373161315918,0.13448035717010498,initial,-0.008025685946146647,-1,0.08130007826084083,1
validation:M22.1-D2-L8:g-instruction-11,validation,M22.1-D2-L8,8,D2,g-instruction-11,instruction,1.0,0.07614326477050781,-2.613628387451172,-2.537485122680664,-1.0110678672790527,initial,0.0035112698872884116,1,0.07094480467508316,1
validation:M22.1-D1-L15:g-instruction-11,validation,M22.1-D1-L15,15,D1,g-instruction-11,instruction,1.0,-0.01649188995361328,-2.613628387451172,-2.630120277404785,0.08792853355407715,initial,-0.026706496874491375,-1,0.05119368378378787,1
validation:M22.1-D2-L15:g-instruction-11,validation,M22.1-D2-L15,15,D2,g-instruction-11,instruction,1.0,0.11631011962890625,-2.613628387451172,-2.4973182678222656,-1.6076089143753052,initial,0.01736768086751302,1,0.03531903214095229,1
validation:M22.1-D1-L0:g-syntax-02,validation,M22.1-D1-L0,0,D1,g-syntax-02,syntax,1.0,-0.041656494140625,-4.500150680541992,-4.541807174682617,0.09069451689720154,initial,0.041385809580485024,1,0.1591114502042553,1
validation:M22.1-D2-L0:g-syntax-02,validation,M22.1-D2-L0,0,D2,g-syntax-02,syntax,1.0,0.003551483154296875,-4.500150680541992,-4.496599197387695,-0.2910979986190796,initial,0.05268343289693197,1,0.21259381497247531,1
validation:M22.1-D1-L8:g-syntax-02,validation,M22.1-D1-L8,8,D1,g-syntax-02,syntax,1.0,0.09018898010253906,-4.500150680541992,-4.409961700439453,-0.2781982421875,initial,-0.008025685946146647,-1,0.08130007826084083,1
validation:M22.1-D2-L8:g-syntax-02,validation,M22.1-D2-L8,8,D2,g-syntax-02,syntax,1.0,0.09274482727050781,-4.500150680541992,-4.407405853271484,-0.38937991857528687,initial,0.0035112698872884116,1,0.07094480467508316,1
validation:M22.1-D1-L15:g-syntax-02,validation,M22.1-D1-L15,15,D1,g-syntax-02,syntax,1.0,-0.005337715148925781,-4.500150680541992,-4.505488395690918,-0.4435688853263855,initial,-0.026706496874491375,-1,0.05119368378378787,1
validation:M22.1-D2-L15:g-syntax-02,validation,M22.1-D2-L15,15,D2,g-syntax-02,syntax,1.0,0.004645347595214844,-4.500150680541992,-4.495505332946777,-0.32519951462745667,initial,0.01736768086751302,1,0.03531903214095229,1
validation:M22.1-D1-L0:g-syntax-05,validation,M22.1-D1-L0,0,D1,g-syntax-05,syntax,1.0,-0.11612939834594727,-5.246196746826172,-5.362326145172119,0.09290473163127899,initial,0.041385809580485024,1,0.1591114502042553,1
validation:M22.1-D2-L0:g-syntax-05,validation,M22.1-D2-L0,0,D2,g-syntax-05,syntax,1.0,-0.09291839599609375,-5.246196746826172,-5.339115142822266,-0.2834016978740692,initial,0.05268343289693197,1,0.21259381497247531,1
validation:M22.1-D1-L8:g-syntax-05,validation,M22.1-D1-L8,8,D1,g-syntax-05,syntax,1.0,0.002120494842529297,-5.246196746826172,-5.244076251983643,0.13258734345436096,initial,-0.008025685946146647,-1,0.08130007826084083,1
validation:M22.1-D2-L8:g-syntax-05,validation,M22.1-D2-L8,8,D2,g-syntax-05,syntax,1.0,0.004105091094970703,-5.246196746826172,-5.242091655731201,-0.7308754920959473,initial,0.0035112698872884116,1,0.07094480467508316,1
validation:M22.1-D1-L15:g-syntax-05,validation,M22.1-D1-L15,15,D1,g-syntax-05,syntax,1.0,0.047823429107666016,-5.246196746826172,-5.198373317718506,0.14657652378082275,initial,-0.026706496874491375,-1,0.05119368378378787,1
validation:M22.1-D2-L15:g-syntax-05,validation,M22.1-D2-L15,15,D2,g-syntax-05,syntax,1.0,0.04120779037475586,-5.246196746826172,-5.204988956451416,-0.1955774426460266,initial,0.01736768086751302,1,0.03531903214095229,1
validation:M22.1-D1-L0:g-syntax-08,validation,M22.1-D1-L0,0,D1,g-syntax-08,syntax,1.0,0.014229774475097656,-2.5044631958007812,-2.4902334213256836,0.10007485747337341,initial,0.041385809580485024,1,0.1591114502042553,1
validation:M22.1-D2-L0:g-syntax-08,validation,M22.1-D2-L0,0,D2,g-syntax-08,syntax,1.0,0.017873764038085938,-2.5044631958007812,-2.4865894317626953,-0.28578317165374756,initial,0.05268343289693197,1,0.21259381497247531,1
validation:M22.1-D1-L8:g-syntax-08,validation,M22.1-D1-L8,8,D1,g-syntax-08,syntax,1.0,0.04713726043701172,-2.5044631958007812,-2.4573259353637695,0.055602848529815674,initial,-0.008025685946146647,-1,0.08130007826084083,1
validation:M22.1-D2-L8:g-syntax-08,validation,M22.1-D2-L8,8,D2,g-syntax-08,syntax,1.0,0.039310455322265625,-2.5044631958007812,-2.4651527404785156,-0.585720419883728,initial,0.0035112698872884116,1,0.07094480467508316,1
validation:M22.1-D1-L15:g-syntax-08,validation,M22.1-D1-L15,15,D1,g-syntax-08,syntax,1.0,0.0037355422973632812,-2.5044631958007812,-2.500727653503418,-0.4180574417114258,initial,-0.026706496874491375,-1,0.05119368378378787,1
validation:M22.1-D2-L15:g-syntax-08,validation,M22.1-D2-L15,15,D2,g-syntax-08,syntax,1.0,0.08734798431396484,-2.5044631958007812,-2.4171152114868164,-0.6945807933807373,initial,0.01736768086751302,1,0.03531903214095229,1
validation:M22.1-D1-L0:g-syntax-11,validation,M22.1-D1-L0,0,D1,g-syntax-11,syntax,1.0,-0.053432464599609375,-5.599428176879883,-5.652860641479492,0.06768393516540527,initial,0.041385809580485024,1,0.1591114502042553,1
validation:M22.1-D2-L0:g-syntax-11,validation,M22.1-D2-L0,0,D2,g-syntax-11,syntax,1.0,-0.014935493469238281,-5.599428176879883,-5.614363670349121,-0.2570860981941223,initial,0.05268343289693197,1,0.21259381497247531,1
validation:M22.1-D1-L8:g-syntax-11,validation,M22.1-D1-L8,8,D1,g-syntax-11,syntax,1.0,0.010016441345214844,-5.599428176879883,-5.589411735534668,-0.05744865536689758,initial,-0.008025685946146647,-1,0.08130007826084083,1
validation:M22.1-D2-L8:g-syntax-11,validation,M22.1-D2-L8,8,D2,g-syntax-11,syntax,1.0,0.02219104766845703,-5.599428176879883,-5.577237129211426,-0.49314743280410767,initial,0.0035112698872884116,1,0.07094480467508316,1
validation:M22.1-D1-L15:g-syntax-11,validation,M22.1-D1-L15,15,D1,g-syntax-11,syntax,1.0,-0.0139007568359375,-5.599428176879883,-5.61332893371582,0.021849334239959717,initial,-0.026706496874491375,-1,0.05119368378378787,1
validation:M22.1-D2-L15:g-syntax-11,validation,M22.1-D2-L15,15,D2,g-syntax-11,syntax,1.0,0.03257560729980469,-5.599428176879883,-5.566852569580078,-0.22138139605522156,initial,0.01736768086751302,1,0.03531903214095229,1
evaluation:M22.1-D1-L0:g-completion-03:updated,evaluation,M22.1-D1-L0,0,D1,g-completion-03,completion,1.0,0.029497146606445312,-3.58333683013916,-3.553839683532715,-0.031203076243400574,updated,0.032807489236195884,1,0.12329138613627405,13
evaluation:M22.1-D1-L0:g-completion-03:no_update,evaluation,M22.1-D1-L0,0,D1,g-completion-03,completion,1.0,0.029497146606445312,-3.58333683013916,-3.553839683532715,-0.031203076243400574,no_update,0.041385809580485024,1,0.1591114502042553,1
evaluation:M22.1-D1-L0:g-completion-03:constant_effect,evaluation,M22.1-D1-L0,0,D1,g-completion-03,completion,1.0,0.029497146606445312,-3.58333683013916,-3.553839683532715,-0.031203076243400574,constant_effect,0.013369335068596734,1,,
evaluation:M22.1-D1-L0:g-completion-03:outcome_only,evaluation,M22.1-D1-L0,0,D1,g-completion-03,completion,1.0,0.029497146606445312,-3.58333683013916,-3.553839683532715,-0.031203076243400574,outcome_only,0.013369335068596734,1,,
evaluation:M22.1-D1-L0:g-completion-03:shuffled,evaluation,M22.1-D1-L0,0,D1,g-completion-03,completion,1.0,0.029497146606445312,-3.58333683013916,-3.553839683532715,-0.031203076243400574,shuffled,0.028808891773223877,1,0.12007518226315958,13
evaluation:M22.1-D2-L0:g-completion-03:updated,evaluation,M22.1-D2-L0,0,D2,g-completion-03,completion,1.0,-0.0005655288696289062,-3.58333683013916,-3.583902359008789,-0.429332435131073,updated,0.03445770343144735,1,0.15526520634520005,13
evaluation:M22.1-D2-L0:g-completion-03:no_update,evaluation,M22.1-D2-L0,0,D2,g-completion-03,completion,1.0,-0.0005655288696289062,-3.58333683013916,-3.583902359008789,-0.429332435131073,no_update,0.05268343289693197,1,0.21259381497247531,1
evaluation:M22.1-D2-L0:g-completion-03:constant_effect,evaluation,M22.1-D2-L0,0,D2,g-completion-03,completion,1.0,-0.0005655288696289062,-3.58333683013916,-3.583902359008789,-0.429332435131073,constant_effect,0.013369335068596734,1,,
evaluation:M22.1-D2-L0:g-completion-03:outcome_only,evaluation,M22.1-D2-L0,0,D2,g-completion-03,completion,1.0,-0.0005655288696289062,-3.58333683013916,-3.583902359008789,-0.429332435131073,outcome_only,0.013369335068596734,1,,
evaluation:M22.1-D2-L0:g-completion-03:shuffled,evaluation,M22.1-D2-L0,0,D2,g-completion-03,completion,1.0,-0.0005655288696289062,-3.58333683013916,-3.583902359008789,-0.429332435131073,shuffled,0.03845630089441935,1,0.15761618583835926,13
evaluation:M22.1-D1-L8:g-completion-03:updated,evaluation,M22.1-D1-L8,8,D1,g-completion-03,completion,1.0,-0.14776611328125,-3.58333683013916,-3.73110294342041,0.01422584056854248,updated,0.016083439191182453,1,0.076174008265705,13
evaluation:M22.1-D1-L8:g-completion-03:no_update,evaluation,M22.1-D1-L8,8,D1,g-completion-03,completion,1.0,-0.14776611328125,-3.58333683013916,-3.73110294342041,0.01422584056854248,no_update,-0.008025685946146647,-1,0.08130007826084083,1
evaluation:M22.1-D1-L8:g-completion-03:constant_effect,evaluation,M22.1-D1-L8,8,D1,g-completion-03,completion,1.0,-0.14776611328125,-3.58333683013916,-3.73110294342041,0.01422584056854248,constant_effect,0.013369335068596734,1,,
evaluation:M22.1-D1-L8:g-completion-03:outcome_only,evaluation,M22.1-D1-L8,8,D1,g-completion-03,completion,1.0,-0.14776611328125,-3.58333683013916,-3.73110294342041,0.01422584056854248,outcome_only,0.013369335068596734,1,,
evaluation:M22.1-D1-L8:g-completion-03:shuffled,evaluation,M22.1-D1-L8,8,D1,g-completion-03,completion,1.0,-0.14776611328125,-3.58333683013916,-3.73110294342041,0.01422584056854248,shuffled,0.006121516227722168,1,0.0785087052798317,13
evaluation:M22.1-D2-L8:g-completion-03:updated,evaluation,M22.1-D2-L8,8,D2,g-completion-03,completion,1.0,-0.03927421569824219,-3.58333683013916,-3.6226110458374023,-1.2673981189727783,updated,0.011889994144439697,1,0.07262252241532736,13
evaluation:M22.1-D2-L8:g-completion-03:no_update,evaluation,M22.1-D2-L8,8,D2,g-completion-03,completion,1.0,-0.03927421569824219,-3.58333683013916,-3.6226110458374023,-1.2673981189727783,no_update,0.0035112698872884116,1,0.07094480467508316,1
evaluation:M22.1-D2-L8:g-completion-03:constant_effect,evaluation,M22.1-D2-L8,8,D2,g-completion-03,completion,1.0,-0.03927421569824219,-3.58333683013916,-3.6226110458374023,-1.2673981189727783,constant_effect,0.013369335068596734,1,,
evaluation:M22.1-D2-L8:g-completion-03:outcome_only,evaluation,M22.1-D2-L8,8,D2,g-completion-03,completion,1.0,-0.03927421569824219,-3.58333683013916,-3.6226110458374023,-1.2673981189727783,outcome_only,0.013369335068596734,1,,
evaluation:M22.1-D2-L8:g-completion-03:shuffled,evaluation,M22.1-D2-L8,8,D2,g-completion-03,completion,1.0,-0.03927421569824219,-3.58333683013916,-3.6226110458374023,-1.2673981189727783,shuffled,0.021851917107899983,1,0.06923125204135244,13
evaluation:M22.1-D1-L15:g-completion-03:updated,evaluation,M22.1-D1-L15,15,D1,g-completion-03,completion,1.0,-0.09153461456298828,-3.58333683013916,-3.6748714447021484,0.41916048526763916,updated,-0.021458208560943604,-1,0.04978595268101367,13
evaluation:M22.1-D1-L15:g-completion-03:no_update,evaluation,M22.1-D1-L15,15,D1,g-completion-03,completion,1.0,-0.09153461456298828,-3.58333683013916,-3.6748714447021484,0.41916048526763916,no_update,-0.026706496874491375,-1,0.05119368378378787,1
evaluation:M22.1-D1-L15:g-completion-03:constant_effect,evaluation,M22.1-D1-L15,15,D1,g-completion-03,completion,1.0,-0.09153461456298828,-3.58333683013916,-3.6748714447021484,0.41916048526763916,constant_effect,0.013369335068596734,1,,
evaluation:M22.1-D1-L15:g-completion-03:outcome_only,evaluation,M22.1-D1-L15,15,D1,g-completion-03,completion,1.0,-0.09153461456298828,-3.58333683013916,-3.6748714447021484,0.41916048526763916,outcome_only,0.013369335068596734,1,,
evaluation:M22.1-D1-L15:g-completion-03:shuffled,evaluation,M22.1-D1-L15,15,D1,g-completion-03,completion,1.0,-0.09153461456298828,-3.58333683013916,-3.6748714447021484,0.41916048526763916,shuffled,0.009751319885253906,1,0.07316712657745303,13
evaluation:M22.1-D2-L15:g-completion-03:updated,evaluation,M22.1-D2-L15,15,D2,g-completion-03,completion,1.0,0.011138916015625,-3.58333683013916,-3.572197914123535,-1.8722431659698486,updated,0.031788408756256104,1,0.05938552807088488,13
evaluation:M22.1-D2-L15:g-completion-03:no_update,evaluation,M22.1-D2-L15,15,D2,g-completion-03,completion,1.0,0.011138916015625,-3.58333683013916,-3.572197914123535,-1.8722431659698486,no_update,0.01736768086751302,1,0.03531903214095229,1
evaluation:M22.1-D2-L15:g-completion-03:constant_effect,evaluation,M22.1-D2-L15,15,D2,g-completion-03,completion,1.0,0.011138916015625,-3.58333683013916,-3.572197914123535,-1.8722431659698486,constant_effect,0.013369335068596734,1,,
evaluation:M22.1-D2-L15:g-completion-03:outcome_only,evaluation,M22.1-D2-L15,15,D2,g-completion-03,completion,1.0,0.011138916015625,-3.58333683013916,-3.572197914123535,-1.8722431659698486,outcome_only,0.013369335068596734,1,,
evaluation:M22.1-D2-L15:g-completion-03:shuffled,evaluation,M22.1-D2-L15,15,D2,g-completion-03,completion,1.0,0.011138916015625,-3.58333683013916,-3.572197914123535,-1.8722431659698486,shuffled,0.0005788803100585938,1,0.045685815745134334,13
evaluation:M22.1-D1-L0:g-completion-06:updated,evaluation,M22.1-D1-L0,0,D1,g-completion-06,completion,1.0,-0.2173633575439453,-5.23369026184082,-5.451053619384766,0.06780139356851578,updated,0.032807489236195884,1,0.12329138613627405,13
evaluation:M22.1-D1-L0:g-completion-06:no_update,evaluation,M22.1-D1-L0,0,D1,g-completion-06,completion,1.0,-0.2173633575439453,-5.23369026184082,-5.451053619384766,0.06780139356851578,no_update,0.041385809580485024,1,0.1591114502042553,1
evaluation:M22.1-D1-L0:g-completion-06:constant_effect,evaluation,M22.1-D1-L0,0,D1,g-completion-06,completion,1.0,-0.2173633575439453,-5.23369026184082,-5.451053619384766,0.06780139356851578,constant_effect,0.013369335068596734,1,,
evaluation:M22.1-D1-L0:g-completion-06:outcome_only,evaluation,M22.1-D1-L0,0,D1,g-completion-06,completion,1.0,-0.2173633575439453,-5.23369026184082,-5.451053619384766,0.06780139356851578,outcome_only,0.013369335068596734,1,,
evaluation:M22.1-D1-L0:g-completion-06:shuffled,evaluation,M22.1-D1-L0,0,D1,g-completion-06,completion,1.0,-0.2173633575439453,-5.23369026184082,-5.451053619384766,0.06780139356851578,shuffled,0.028808891773223877,1,0.12007518226315958,13
evaluation:M22.1-D2-L0:g-completion-06:updated,evaluation,M22.1-D2-L0,0,D2,g-completion-06,completion,1.0,0.0007457733154296875,-5.23369026184082,-5.232944488525391,-0.05815241485834122,updated,0.03445770343144735,1,0.15526520634520005,13
evaluation:M22.1-D2-L0:g-completion-06:no_update,evaluation,M22.1-D2-L0,0,D2,g-completion-06,completion,1.0,0.0007457733154296875,-5.23369026184082,-5.232944488525391,-0.05815241485834122,no_update,0.05268343289693197,1,0.21259381497247531,1
evaluation:M22.1-D2-L0:g-completion-06:constant_effect,evaluation,M22.1-D2-L0,0,D2,g-completion-06,completion,1.0,0.0007457733154296875,-5.23369026184082,-5.232944488525391,-0.05815241485834122,constant_effect,0.013369335068596734,1,,
evaluation:M22.1-D2-L0:g-completion-06:outcome_only,evaluation,M22.1-D2-L0,0,D2,g-completion-06,completion,1.0,0.0007457733154296875,-5.23369026184082,-5.232944488525391,-0.05815241485834122,outcome_only,0.013369335068596734,1,,
evaluation:M22.1-D2-L0:g-completion-06:shuffled,evaluation,M22.1-D2-L0,0,D2,g-completion-06,completion,1.0,0.0007457733154296875,-5.23369026184082,-5.232944488525391,-0.05815241485834122,shuffled,0.03845630089441935,1,0.15761618583835926,13
evaluation:M22.1-D1-L8:g-completion-06:updated,evaluation,M22.1-D1-L8,8,D1,g-completion-06,completion,1.0,0.03914165496826172,-5.23369026184082,-5.194548606872559,0.24347355961799622,updated,0.016083439191182453,1,0.076174008265705,13
evaluation:M22.1-D1-L8:g-completion-06:no_update,evaluation,M22.1-D1-L8,8,D1,g-completion-06,completion,1.0,0.03914165496826172,-5.23369026184082,-5.194548606872559,0.24347355961799622,no_update,-0.008025685946146647,-1,0.08130007826084083,1
evaluation:M22.1-D1-L8:g-completion-06:constant_effect,evaluation,M22.1-D1-L8,8,D1,g-completion-06,completion,1.0,0.03914165496826172,-5.23369026184082,-5.194548606872559,0.24347355961799622,constant_effect,0.013369335068596734,1,,
evaluation:M22.1-D1-L8:g-completion-06:outcome_only,evaluation,M22.1-D1-L8,8,D1,g-completion-06,completion,1.0,0.03914165496826172,-5.23369026184082,-5.194548606872559,0.24347355961799622,outcome_only,0.013369335068596734,1,,
evaluation:M22.1-D1-L8:g-completion-06:shuffled,evaluation,M22.1-D1-L8,8,D1,g-completion-06,completion,1.0,0.03914165496826172,-5.23369026184082,-5.194548606872559,0.24347355961799622,shuffled,0.006121516227722168,1,0.0785087052798317,13
evaluation:M22.1-D2-L8:g-completion-06:updated,evaluation,M22.1-D2-L8,8,D2,g-completion-06,completion,1.0,-0.27089738845825195,-5.23369026184082,-5.504587650299072,-0.3702661395072937,updated,0.011889994144439697,1,0.07262252241532736,13
evaluation:M22.1-D2-L8:g-completion-06:no_update,evaluation,M22.1-D2-L8,8,D2,g-completion-06,completion,1.0,-0.27089738845825195,-5.23369026184082,-5.504587650299072,-0.3702661395072937,no_update,0.0035112698872884116,1,0.07094480467508316,1
evaluation:M22.1-D2-L8:g-completion-06:constant_effect,evaluation,M22.1-D2-L8,8,D2,g-completion-06,completion,1.0,-0.27089738845825195,-5.23369026184082,-5.504587650299072,-0.3702661395072937,constant_effect,0.013369335068596734,1,,
evaluation:M22.1-D2-L8:g-completion-06:outcome_only,evaluation,M22.1-D2-L8,8,D2,g-completion-06,completion,1.0,-0.27089738845825195,-5.23369026184082,-5.504587650299072,-0.3702661395072937,outcome_only,0.013369335068596734,1,,
evaluation:M22.1-D2-L8:g-completion-06:shuffled,evaluation,M22.1-D2-L8,8,D2,g-completion-06,completion,1.0,-0.27089738845825195,-5.23369026184082,-5.504587650299072,-0.3702661395072937,shuffled,0.021851917107899983,1,0.06923125204135244,13
evaluation:M22.1-D1-L15:g-completion-06:updated,evaluation,M22.1-D1-L15,15,D1,g-completion-06,completion,1.0,0.027586936950683594,-5.23369026184082,-5.206103324890137,0.29150086641311646,updated,-0.021458208560943604,-1,0.04978595268101367,13
evaluation:M22.1-D1-L15:g-completion-06:no_update,evaluation,M22.1-D1-L15,15,D1,g-completion-06,completion,1.0,0.027586936950683594,-5.23369026184082,-5.206103324890137,0.29150086641311646,no_update,-0.026706496874491375,-1,0.05119368378378787,1
evaluation:M22.1-D1-L15:g-completion-06:constant_effect,evaluation,M22.1-D1-L15,15,D1,g-completion-06,completion,1.0,0.027586936950683594,-5.23369026184082,-5.206103324890137,0.29150086641311646,constant_effect,0.013369335068596734,1,,
evaluation:M22.1-D1-L15:g-completion-06:outcome_only,evaluation,M22.1-D1-L15,15,D1,g-completion-06,completion,1.0,0.027586936950683594,-5.23369026184082,-5.206103324890137,0.29150086641311646,outcome_only,0.013369335068596734,1,,
evaluation:M22.1-D1-L15:g-completion-06:shuffled,evaluation,M22.1-D1-L15,15,D1,g-completion-06,completion,1.0,0.027586936950683594,-5.23369026184082,-5.206103324890137,0.29150086641311646,shuffled,0.009751319885253906,1,0.07316712657745303,13
evaluation:M22.1-D2-L15:g-completion-06:updated,evaluation,M22.1-D2-L15,15,D2,g-completion-06,completion,1.0,0.004994392395019531,-5.23369026184082,-5.228695869445801,0.3722969889640808,updated,0.031788408756256104,1,0.05938552807088488,13
evaluation:M22.1-D2-L15:g-completion-06:no_update,evaluation,M22.1-D2-L15,15,D2,g-completion-06,completion,1.0,0.004994392395019531,-5.23369026184082,-5.228695869445801,0.3722969889640808,no_update,0.01736768086751302,1,0.03531903214095229,1
evaluation:M22.1-D2-L15:g-completion-06:constant_effect,evaluation,M22.1-D2-L15,15,D2,g-completion-06,completion,1.0,0.004994392395019531,-5.23369026184082,-5.228695869445801,0.3722969889640808,constant_effect,0.013369335068596734,1,,
evaluation:M22.1-D2-L15:g-completion-06:outcome_only,evaluation,M22.1-D2-L15,15,D2,g-completion-06,completion,1.0,0.004994392395019531,-5.23369026184082,-5.228695869445801,0.3722969889640808,outcome_only,0.013369335068596734,1,,
evaluation:M22.1-D2-L15:g-completion-06:shuffled,evaluation,M22.1-D2-L15,15,D2,g-completion-06,completion,1.0,0.004994392395019531,-5.23369026184082,-5.228695869445801,0.3722969889640808,shuffled,0.0005788803100585938,1,0.045685815745134334,13
evaluation:M22.1-D1-L0:g-completion-09:updated,evaluation,M22.1-D1-L0,0,D1,g-completion-09,completion,1.0,-0.039063453674316406,-1.5476570129394531,-1.5867204666137695,0.4033554792404175,updated,0.032807489236195884,1,0.12329138613627405,13
evaluation:M22.1-D1-L0:g-completion-09:no_update,evaluation,M22.1-D1-L0,0,D1,g-completion-09,completion,1.0,-0.039063453674316406,-1.5476570129394531,-1.5867204666137695,0.4033554792404175,no_update,0.041385809580485024,1,0.1591114502042553,1
evaluation:M22.1-D1-L0:g-completion-09:constant_effect,evaluation,M22.1-D1-L0,0,D1,g-completion-09,completion,1.0,-0.039063453674316406,-1.5476570129394531,-1.5867204666137695,0.4033554792404175,constant_effect,0.013369335068596734,1,,
evaluation:M22.1-D1-L0:g-completion-09:outcome_only,evaluation,M22.1-D1-L0,0,D1,g-completion-09,completion,1.0,-0.039063453674316406,-1.5476570129394531,-1.5867204666137695,0.4033554792404175,outcome_only,0.013369335068596734,1,,
evaluation:M22.1-D1-L0:g-completion-09:shuffled,evaluation,M22.1-D1-L0,0,D1,g-completion-09,completion,1.0,-0.039063453674316406,-1.5476570129394531,-1.5867204666137695,0.4033554792404175,shuffled,0.028808891773223877,1,0.12007518226315958,13
evaluation:M22.1-D2-L0:g-completion-09:updated,evaluation,M22.1-D2-L0,0,D2,g-completion-09,completion,1.0,-0.006049156188964844,-1.5476570129394531,-1.553706169128418,-0.03565230220556259,updated,0.03445770343144735,1,0.15526520634520005,13
evaluation:M22.1-D2-L0:g-completion-09:no_update,evaluation,M22.1-D2-L0,0,D2,g-completion-09,completion,1.0,-0.006049156188964844,-1.5476570129394531,-1.553706169128418,-0.03565230220556259,no_update,0.05268343289693197,1,0.21259381497247531,1
evaluation:M22.1-D2-L0:g-completion-09:constant_effect,evaluation,M22.1-D2-L0,0,D2,g-completion-09,completion,1.0,-0.006049156188964844,-1.5476570129394531,-1.553706169128418,-0.03565230220556259,constant_effect,0.013369335068596734,1,,
evaluation:M22.1-D2-L0:g-completion-09:outcome_only,evaluation,M22.1-D2-L0,0,D2,g-completion-09,completion,1.0,-0.006049156188964844,-1.5476570129394531,-1.553706169128418,-0.03565230220556259,outcome_only,0.013369335068596734,1,,
evaluation:M22.1-D2-L0:g-completion-09:shuffled,evaluation,M22.1-D2-L0,0,D2,g-completion-09,completion,1.0,-0.006049156188964844,-1.5476570129394531,-1.553706169128418,-0.03565230220556259,shuffled,0.03845630089441935,1,0.15761618583835926,13
evaluation:M22.1-D1-L8:g-completion-09:updated,evaluation,M22.1-D1-L8,8,D1,g-completion-09,completion,1.0,-0.06574726104736328,-1.5476570129394531,-1.6134042739868164,0.38028621673583984,updated,0.016083439191182453,1,0.076174008265705,13
evaluation:M22.1-D1-L8:g-completion-09:no_update,evaluation,M22.1-D1-L8,8,D1,g-completion-09,completion,1.0,-0.06574726104736328,-1.5476570129394531,-1.6134042739868164,0.38028621673583984,no_update,-0.008025685946146647,-1,0.08130007826084083,1
evaluation:M22.1-D1-L8:g-completion-09:constant_effect,evaluation,M22.1-D1-L8,8,D1,g-completion-09,completion,1.0,-0.06574726104736328,-1.5476570129394531,-1.6134042739868164,0.38028621673583984,constant_effect,0.013369335068596734,1,,
evaluation:M22.1-D1-L8:g-completion-09:outcome_only,evaluation,M22.1-D1-L8,8,D1,g-completion-09,completion,1.0,-0.06574726104736328,-1.5476570129394531,-1.6134042739868164,0.38028621673583984,outcome_only,0.013369335068596734,1,,
evaluation:M22.1-D1-L8:g-completion-09:shuffled,evaluation,M22.1-D1-L8,8,D1,g-completion-09,completion,1.0,-0.06574726104736328,-1.5476570129394531,-1.6134042739868164,0.38028621673583984,shuffled,0.006121516227722168,1,0.0785087052798317,13
evaluation:M22.1-D2-L8:g-completion-09:updated,evaluation,M22.1-D2-L8,8,D2,g-completion-09,completion,1.0,0.07783794403076172,-1.5476570129394531,-1.4698190689086914,-1.0786361694335938,updated,0.011889994144439697,1,0.07262252241532736,13
evaluation:M22.1-D2-L8:g-completion-09:no_update,evaluation,M22.1-D2-L8,8,D2,g-completion-09,completion,1.0,0.07783794403076172,-1.5476570129394531,-1.4698190689086914,-1.0786361694335938,no_update,0.0035112698872884116,1,0.07094480467508316,1
evaluation:M22.1-D2-L8:g-completion-09:constant_effect,evaluation,M22.1-D2-L8,8,D2,g-completion-09,completion,1.0,0.07783794403076172,-1.5476570129394531,-1.4698190689086914,-1.0786361694335938,constant_effect,0.013369335068596734,1,,
evaluation:M22.1-D2-L8:g-completion-09:outcome_only,evaluation,M22.1-D2-L8,8,D2,g-completion-09,completion,1.0,0.07783794403076172,-1.5476570129394531,-1.4698190689086914,-1.0786361694335938,outcome_only,0.013369335068596734,1,,
evaluation:M22.1-D2-L8:g-completion-09:shuffled,evaluation,M22.1-D2-L8,8,D2,g-completion-09,completion,1.0,0.07783794403076172,-1.5476570129394531,-1.4698190689086914,-1.0786361694335938,shuffled,0.021851917107899983,1,0.06923125204135244,13
evaluation:M22.1-D1-L15:g-completion-09:updated,evaluation,M22.1-D1-L15,15,D1,g-completion-09,completion,1.0,0.06255435943603516,-1.5476570129394531,-1.485102653503418,1.1841925382614136,updated,-0.021458208560943604,-1,0.04978595268101367,13
evaluation:M22.1-D1-L15:g-completion-09:no_update,evaluation,M22.1-D1-L15,15,D1,g-completion-09,completion,1.0,0.06255435943603516,-1.5476570129394531,-1.485102653503418,1.1841925382614136,no_update,-0.026706496874491375,-1,0.05119368378378787,1
evaluation:M22.1-D1-L15:g-completion-09:constant_effect,evaluation,M22.1-D1-L15,15,D1,g-completion-09,completion,1.0,0.06255435943603516,-1.5476570129394531,-1.485102653503418,1.1841925382614136,constant_effect,0.013369335068596734,1,,
evaluation:M22.1-D1-L15:g-completion-09:outcome_only,evaluation,M22.1-D1-L15,15,D1,g-completion-09,completion,1.0,0.06255435943603516,-1.5476570129394531,-1.485102653503418,1.1841925382614136,outcome_only,0.013369335068596734,1,,
evaluation:M22.1-D1-L15:g-completion-09:shuffled,evaluation,M22.1-D1-L15,15,D1,g-completion-09,completion,1.0,0.06255435943603516,-1.5476570129394531,-1.485102653503418,1.1841925382614136,shuffled,0.009751319885253906,1,0.07316712657745303,13
evaluation:M22.1-D2-L15:g-completion-09:updated,evaluation,M22.1-D2-L15,15,D2,g-completion-09,completion,1.0,-0.008897781372070312,-1.5476570129394531,-1.5565547943115234,-0.23038071393966675,updated,0.031788408756256104,1,0.05938552807088488,13
evaluation:M22.1-D2-L15:g-completion-09:no_update,evaluation,M22.1-D2-L15,15,D2,g-completion-09,completion,1.0,-0.008897781372070312,-1.5476570129394531,-1.5565547943115234,-0.23038071393966675,no_update,0.01736768086751302,1,0.03531903214095229,1
evaluation:M22.1-D2-L15:g-completion-09:constant_effect,evaluation,M22.1-D2-L15,15,D2,g-completion-09,completion,1.0,-0.008897781372070312,-1.5476570129394531,-1.5565547943115234,-0.23038071393966675,constant_effect,0.013369335068596734,1,,
evaluation:M22.1-D2-L15:g-completion-09:outcome_only,evaluation,M22.1-D2-L15,15,D2,g-completion-09,completion,1.0,-0.008897781372070312,-1.5476570129394531,-1.5565547943115234,-0.23038071393966675,outcome_only,0.013369335068596734,1,,
evaluation:M22.1-D2-L15:g-completion-09:shuffled,evaluation,M22.1-D2-L15,15,D2,g-completion-09,completion,1.0,-0.008897781372070312,-1.5476570129394531,-1.5565547943115234,-0.23038071393966675,shuffled,0.0005788803100585938,1,0.045685815745134334,13
evaluation:M22.1-D1-L0:g-completion-12:updated,evaluation,M22.1-D1-L0,0,D1,g-completion-12,completion,1.0,-0.09782123565673828,-3.6284327507019043,-3.7262539863586426,0.027801934629678726,updated,0.032807489236195884,1,0.12329138613627405,13
evaluation:M22.1-D1-L0:g-completion-12:no_update,evaluation,M22.1-D1-L0,0,D1,g-completion-12,completion,1.0,-0.09782123565673828,-3.6284327507019043,-3.7262539863586426,0.027801934629678726,no_update,0.041385809580485024,1,0.1591114502042553,1
evaluation:M22.1-D1-L0:g-completion-12:constant_effect,evaluation,M22.1-D1-L0,0,D1,g-completion-12,completion,1.0,-0.09782123565673828,-3.6284327507019043,-3.7262539863586426,0.027801934629678726,constant_effect,0.013369335068596734,1,,
evaluation:M22.1-D1-L0:g-completion-12:outcome_only,evaluation,M22.1-D1-L0,0,D1,g-completion-12,completion,1.0,-0.09782123565673828,-3.6284327507019043,-3.7262539863586426,0.027801934629678726,outcome_only,0.013369335068596734,1,,
evaluation:M22.1-D1-L0:g-completion-12:shuffled,evaluation,M22.1-D1-L0,0,D1,g-completion-12,completion,1.0,-0.09782123565673828,-3.6284327507019043,-3.7262539863586426,0.027801934629678726,shuffled,0.028808891773223877,1,0.12007518226315958,13
evaluation:M22.1-D2-L0:g-completion-12:updated,evaluation,M22.1-D2-L0,0,D2,g-completion-12,completion,1.0,-0.024222850799560547,-3.6284327507019043,-3.652655601501465,-0.0007433779537677765,updated,0.03445770343144735,1,0.15526520634520005,13
evaluation:M22.1-D2-L0:g-completion-12:no_update,evaluation,M22.1-D2-L0,0,D2,g-completion-12,completion,1.0,-0.024222850799560547,-3.6284327507019043,-3.652655601501465,-0.0007433779537677765,no_update,0.05268343289693197,1,0.21259381497247531,1
evaluation:M22.1-D2-L0:g-completion-12:constant_effect,evaluation,M22.1-D2-L0,0,D2,g-completion-12,completion,1.0,-0.024222850799560547,-3.6284327507019043,-3.652655601501465,-0.0007433779537677765,constant_effect,0.013369335068596734,1,,
evaluation:M22.1-D2-L0:g-completion-12:outcome_only,evaluation,M22.1-D2-L0,0,D2,g-completion-12,completion,1.0,-0.024222850799560547,-3.6284327507019043,-3.652655601501465,-0.0007433779537677765,outcome_only,0.013369335068596734,1,,
evaluation:M22.1-D2-L0:g-completion-12:shuffled,evaluation,M22.1-D2-L0,0,D2,g-completion-12,completion,1.0,-0.024222850799560547,-3.6284327507019043,-3.652655601501465,-0.0007433779537677765,shuffled,0.03845630089441935,1,0.15761618583835926,13
evaluation:M22.1-D1-L8:g-completion-12:updated,evaluation,M22.1-D1-L8,8,D1,g-completion-12,completion,1.0,-0.013216972351074219,-3.6284327507019043,-3.6416497230529785,0.3495045304298401,updated,0.016083439191182453,1,0.076174008265705,13
evaluation:M22.1-D1-L8:g-completion-12:no_update,evaluation,M22.1-D1-L8,8,D1,g-completion-12,completion,1.0,-0.013216972351074219,-3.6284327507019043,-3.6416497230529785,0.3495045304298401,no_update,-0.008025685946146647,-1,0.08130007826084083,1
evaluation:M22.1-D1-L8:g-completion-12:constant_effect,evaluation,M22.1-D1-L8,8,D1,g-completion-12,completion,1.0,-0.013216972351074219,-3.6284327507019043,-3.6416497230529785,0.3495045304298401,constant_effect,0.013369335068596734,1,,
evaluation:M22.1-D1-L8:g-completion-12:outcome_only,evaluation,M22.1-D1-L8,8,D1,g-completion-12,completion,1.0,-0.013216972351074219,-3.6284327507019043,-3.6416497230529785,0.3495045304298401,outcome_only,0.013369335068596734,1,,
evaluation:M22.1-D1-L8:g-completion-12:shuffled,evaluation,M22.1-D1-L8,8,D1,g-completion-12,completion,1.0,-0.013216972351074219,-3.6284327507019043,-3.6416497230529785,0.3495045304298401,shuffled,0.006121516227722168,1,0.0785087052798317,13
evaluation:M22.1-D2-L8:g-completion-12:updated,evaluation,M22.1-D2-L8,8,D2,g-completion-12,completion,1.0,-0.06609201431274414,-3.6284327507019043,-3.6945247650146484,-0.0007849037647247314,updated,0.011889994144439697,1,0.07262252241532736,13
evaluation:M22.1-D2-L8:g-completion-12:no_update,evaluation,M22.1-D2-L8,8,D2,g-completion-12,completion,1.0,-0.06609201431274414,-3.6284327507019043,-3.6945247650146484,-0.0007849037647247314,no_update,0.0035112698872884116,1,0.07094480467508316,1
evaluation:M22.1-D2-L8:g-completion-12:constant_effect,evaluation,M22.1-D2-L8,8,D2,g-completion-12,completion,1.0,-0.06609201431274414,-3.6284327507019043,-3.6945247650146484,-0.0007849037647247314,constant_effect,0.013369335068596734,1,,
evaluation:M22.1-D2-L8:g-completion-12:outcome_only,evaluation,M22.1-D2-L8,8,D2,g-completion-12,completion,1.0,-0.06609201431274414,-3.6284327507019043,-3.6945247650146484,-0.0007849037647247314,outcome_only,0.013369335068596734,1,,
evaluation:M22.1-D2-L8:g-completion-12:shuffled,evaluation,M22.1-D2-L8,8,D2,g-completion-12,completion,1.0,-0.06609201431274414,-3.6284327507019043,-3.6945247650146484,-0.0007849037647247314,shuffled,0.021851917107899983,1,0.06923125204135244,13
evaluation:M22.1-D1-L15:g-completion-12:updated,evaluation,M22.1-D1-L15,15,D1,g-completion-12,completion,1.0,-0.06781959533691406,-3.6284327507019043,-3.6962523460388184,0.048249490559101105,updated,-0.021458208560943604,-1,0.04978595268101367,13
evaluation:M22.1-D1-L15:g-completion-12:no_update,evaluation,M22.1-D1-L15,15,D1,g-completion-12,completion,1.0,-0.06781959533691406,-3.6284327507019043,-3.6962523460388184,0.048249490559101105,no_update,-0.026706496874491375,-1,0.05119368378378787,1
evaluation:M22.1-D1-L15:g-completion-12:constant_effect,evaluation,M22.1-D1-L15,15,D1,g-completion-12,completion,1.0,-0.06781959533691406,-3.6284327507019043,-3.6962523460388184,0.048249490559101105,constant_effect,0.013369335068596734,1,,
evaluation:M22.1-D1-L15:g-completion-12:outcome_only,evaluation,M22.1-D1-L15,15,D1,g-completion-12,completion,1.0,-0.06781959533691406,-3.6284327507019043,-3.6962523460388184,0.048249490559101105,outcome_only,0.013369335068596734,1,,
evaluation:M22.1-D1-L15:g-completion-12:shuffled,evaluation,M22.1-D1-L15,15,D1,g-completion-12,completion,1.0,-0.06781959533691406,-3.6284327507019043,-3.6962523460388184,0.048249490559101105,shuffled,0.009751319885253906,1,0.07316712657745303,13
evaluation:M22.1-D2-L15:g-completion-12:updated,evaluation,M22.1-D2-L15,15,D2,g-completion-12,completion,1.0,-0.008643150329589844,-3.6284327507019043,-3.637075901031494,-0.5960781574249268,updated,0.031788408756256104,1,0.05938552807088488,13
evaluation:M22.1-D2-L15:g-completion-12:no_update,evaluation,M22.1-D2-L15,15,D2,g-completion-12,completion,1.0,-0.008643150329589844,-3.6284327507019043,-3.637075901031494,-0.5960781574249268,no_update,0.01736768086751302,1,0.03531903214095229,1
evaluation:M22.1-D2-L15:g-completion-12:constant_effect,evaluation,M22.1-D2-L15,15,D2,g-completion-12,completion,1.0,-0.008643150329589844,-3.6284327507019043,-3.637075901031494,-0.5960781574249268,constant_effect,0.013369335068596734,1,,
evaluation:M22.1-D2-L15:g-completion-12:outcome_only,evaluation,M22.1-D2-L15,15,D2,g-completion-12,completion,1.0,-0.008643150329589844,-3.6284327507019043,-3.637075901031494,-0.5960781574249268,outcome_only,0.013369335068596734,1,,
evaluation:M22.1-D2-L15:g-completion-12:shuffled,evaluation,M22.1-D2-L15,15,D2,g-completion-12,completion,1.0,-0.008643150329589844,-3.6284327507019043,-3.637075901031494,-0.5960781574249268,shuffled,0.0005788803100585938,1,0.045685815745134334,13
evaluation:M22.1-D1-L0:g-instruction-03:updated,evaluation,M22.1-D1-L0,0,D1,g-instruction-03,instruction,1.0,-0.13006877899169922,-0.15694808959960938,-0.2870168685913086,0.040766939520835876,updated,0.032807489236195884,1,0.12329138613627405,13
evaluation:M22.1-D1-L0:g-instruction-03:no_update,evaluation,M22.1-D1-L0,0,D1,g-instruction-03,instruction,1.0,-0.13006877899169922,-0.15694808959960938,-0.2870168685913086,0.040766939520835876,no_update,0.041385809580485024,1,0.1591114502042553,1
evaluation:M22.1-D1-L0:g-instruction-03:constant_effect,evaluation,M22.1-D1-L0,0,D1,g-instruction-03,instruction,1.0,-0.13006877899169922,-0.15694808959960938,-0.2870168685913086,0.040766939520835876,constant_effect,0.013369335068596734,1,,
evaluation:M22.1-D1-L0:g-instruction-03:outcome_only,evaluation,M22.1-D1-L0,0,D1,g-instruction-03,instruction,1.0,-0.13006877899169922,-0.15694808959960938,-0.2870168685913086,0.040766939520835876,outcome_only,0.013369335068596734,1,,
evaluation:M22.1-D1-L0:g-instruction-03:shuffled,evaluation,M22.1-D1-L0,0,D1,g-instruction-03,instruction,1.0,-0.13006877899169922,-0.15694808959960938,-0.2870168685913086,0.040766939520835876,shuffled,0.028808891773223877,1,0.12007518226315958,13
evaluation:M22.1-D2-L0:g-instruction-03:updated,evaluation,M22.1-D2-L0,0,D2,g-instruction-03,instruction,1.0,0.011708259582519531,-0.15694808959960938,-0.14523983001708984,-0.40733540058135986,updated,0.03445770343144735,1,0.15526520634520005,13
evaluation:M22.1-D2-L0:g-instruction-03:no_update,evaluation,M22.1-D2-L0,0,D2,g-instruction-03,instruction,1.0,0.011708259582519531,-0.15694808959960938,-0.14523983001708984,-0.40733540058135986,no_update,0.05268343289693197,1,0.21259381497247531,1
evaluation:M22.1-D2-L0:g-instruction-03:constant_effect,evaluation,M22.1-D2-L0,0,D2,g-instruction-03,instruction,1.0,0.011708259582519531,-0.15694808959960938,-0.14523983001708984,-0.40733540058135986,constant_effect,0.013369335068596734,1,,
evaluation:M22.1-D2-L0:g-instruction-03:outcome_only,evaluation,M22.1-D2-L0,0,D2,g-instruction-03,instruction,1.0,0.011708259582519531,-0.15694808959960938,-0.14523983001708984,-0.40733540058135986,outcome_only,0.013369335068596734,1,,
evaluation:M22.1-D2-L0:g-instruction-03:shuffled,evaluation,M22.1-D2-L0,0,D2,g-instruction-03,instruction,1.0,0.011708259582519531,-0.15694808959960938,-0.14523983001708984,-0.40733540058135986,shuffled,0.03845630089441935,1,0.15761618583835926,13
evaluation:M22.1-D1-L8:g-instruction-03:updated,evaluation,M22.1-D1-L8,8,D1,g-instruction-03,instruction,1.0,0.08386993408203125,-0.15694808959960938,-0.07307815551757812,0.49381422996520996,updated,0.016083439191182453,1,0.076174008265705,13
evaluation:M22.1-D1-L8:g-instruction-03:no_update,evaluation,M22.1-D1-L8,8,D1,g-instruction-03,instruction,1.0,0.08386993408203125,-0.15694808959960938,-0.07307815551757812,0.49381422996520996,no_update,-0.008025685946146647,-1,0.08130007826084083,1
evaluation:M22.1-D1-L8:g-instruction-03:constant_effect,evaluation,M22.1-D1-L8,8,D1,g-instruction-03,instruction,1.0,0.08386993408203125,-0.15694808959960938,-0.07307815551757812,0.49381422996520996,constant_effect,0.013369335068596734,1,,
evaluation:M22.1-D1-L8:g-instruction-03:outcome_only,evaluation,M22.1-D1-L8,8,D1,g-instruction-03,instruction,1.0,0.08386993408203125,-0.15694808959960938,-0.07307815551757812,0.49381422996520996,outcome_only,0.013369335068596734,1,,
evaluation:M22.1-D1-L8:g-instruction-03:shuffled,evaluation,M22.1-D1-L8,8,D1,g-instruction-03,instruction,1.0,0.08386993408203125,-0.15694808959960938,-0.07307815551757812,0.49381422996520996,shuffled,0.006121516227722168,1,0.0785087052798317,13
evaluation:M22.1-D2-L8:g-instruction-03:updated,evaluation,M22.1-D2-L8,8,D2,g-instruction-03,instruction,1.0,0.025597572326660156,-0.15694808959960938,-0.13135051727294922,-1.236509084701538,updated,0.011889994144439697,1,0.07262252241532736,13
evaluation:M22.1-D2-L8:g-instruction-03:no_update,evaluation,M22.1-D2-L8,8,D2,g-instruction-03,instruction,1.0,0.025597572326660156,-0.15694808959960938,-0.13135051727294922,-1.236509084701538,no_update,0.0035112698872884116,1,0.07094480467508316,1
evaluation:M22.1-D2-L8:g-instruction-03:constant_effect,evaluation,M22.1-D2-L8,8,D2,g-instruction-03,instruction,1.0,0.025597572326660156,-0.15694808959960938,-0.13135051727294922,-1.236509084701538,constant_effect,0.013369335068596734,1,,
evaluation:M22.1-D2-L8:g-instruction-03:outcome_only,evaluation,M22.1-D2-L8,8,D2,g-instruction-03,instruction,1.0,0.025597572326660156,-0.15694808959960938,-0.13135051727294922,-1.236509084701538,outcome_only,0.013369335068596734,1,,
evaluation:M22.1-D2-L8:g-instruction-03:shuffled,evaluation,M22.1-D2-L8,8,D2,g-instruction-03,instruction,1.0,0.025597572326660156,-0.15694808959960938,-0.13135051727294922,-1.236509084701538,shuffled,0.021851917107899983,1,0.06923125204135244,13
evaluation:M22.1-D1-L15:g-instruction-03:updated,evaluation,M22.1-D1-L15,15,D1,g-instruction-03,instruction,1.0,-0.13226318359375,-0.15694808959960938,-0.2892112731933594,0.895635724067688,updated,-0.021458208560943604,-1,0.04978595268101367,13
evaluation:M22.1-D1-L15:g-instruction-03:no_update,evaluation,M22.1-D1-L15,15,D1,g-instruction-03,instruction,1.0,-0.13226318359375,-0.15694808959960938,-0.2892112731933594,0.895635724067688,no_update,-0.026706496874491375,-1,0.05119368378378787,1
evaluation:M22.1-D1-L15:g-instruction-03:constant_effect,evaluation,M22.1-D1-L15,15,D1,g-instruction-03,instruction,1.0,-0.13226318359375,-0.15694808959960938,-0.2892112731933594,0.895635724067688,constant_effect,0.013369335068596734,1,,
evaluation:M22.1-D1-L15:g-instruction-03:outcome_only,evaluation,M22.1-D1-L15,15,D1,g-instruction-03,instruction,1.0,-0.13226318359375,-0.15694808959960938,-0.2892112731933594,0.895635724067688,outcome_only,0.013369335068596734,1,,
evaluation:M22.1-D1-L15:g-instruction-03:shuffled,evaluation,M22.1-D1-L15,15,D1,g-instruction-03,instruction,1.0,-0.13226318359375,-0.15694808959960938,-0.2892112731933594,0.895635724067688,shuffled,0.009751319885253906,1,0.07316712657745303,13
evaluation:M22.1-D2-L15:g-instruction-03:updated,evaluation,M22.1-D2-L15,15,D2,g-instruction-03,instruction,1.0,0.19566631317138672,-0.15694808959960938,0.038718223571777344,-1.9128894805908203,updated,0.031788408756256104,1,0.05938552807088488,13
evaluation:M22.1-D2-L15:g-instruction-03:no_update,evaluation,M22.1-D2-L15,15,D2,g-instruction-03,instruction,1.0,0.19566631317138672,-0.15694808959960938,0.038718223571777344,-1.9128894805908203,no_update,0.01736768086751302,1,0.03531903214095229,1
evaluation:M22.1-D2-L15:g-instruction-03:constant_effect,evaluation,M22.1-D2-L15,15,D2,g-instruction-03,instruction,1.0,0.19566631317138672,-0.15694808959960938,0.038718223571777344,-1.9128894805908203,constant_effect,0.013369335068596734,1,,
evaluation:M22.1-D2-L15:g-instruction-03:outcome_only,evaluation,M22.1-D2-L15,15,D2,g-instruction-03,instruction,1.0,0.19566631317138672,-0.15694808959960938,0.038718223571777344,-1.9128894805908203,outcome_only,0.013369335068596734,1,,
evaluation:M22.1-D2-L15:g-instruction-03:shuffled,evaluation,M22.1-D2-L15,15,D2,g-instruction-03,instruction,1.0,0.19566631317138672,-0.15694808959960938,0.038718223571777344,-1.9128894805908203,shuffled,0.0005788803100585938,1,0.045685815745134334,13
evaluation:M22.1-D1-L0:g-instruction-06:updated,evaluation,M22.1-D1-L0,0,D1,g-instruction-06,instruction,1.0,-0.06473064422607422,-0.19688129425048828,-0.2616119384765625,0.026295170187950134,updated,0.032807489236195884,1,0.12329138613627405,13
evaluation:M22.1-D1-L0:g-instruction-06:no_update,evaluation,M22.1-D1-L0,0,D1,g-instruction-06,instruction,1.0,-0.06473064422607422,-0.19688129425048828,-0.2616119384765625,0.026295170187950134,no_update,0.041385809580485024,1,0.1591114502042553,1
evaluation:M22.1-D1-L0:g-instruction-06:constant_effect,evaluation,M22.1-D1-L0,0,D1,g-instruction-06,instruction,1.0,-0.06473064422607422,-0.19688129425048828,-0.2616119384765625,0.026295170187950134,constant_effect,0.013369335068596734,1,,
evaluation:M22.1-D1-L0:g-instruction-06:outcome_only,evaluation,M22.1-D1-L0,0,D1,g-instruction-06,instruction,1.0,-0.06473064422607422,-0.19688129425048828,-0.2616119384765625,0.026295170187950134,outcome_only,0.013369335068596734,1,,
evaluation:M22.1-D1-L0:g-instruction-06:shuffled,evaluation,M22.1-D1-L0,0,D1,g-instruction-06,instruction,1.0,-0.06473064422607422,-0.19688129425048828,-0.2616119384765625,0.026295170187950134,shuffled,0.028808891773223877,1,0.12007518226315958,13
evaluation:M22.1-D2-L0:g-instruction-06:updated,evaluation,M22.1-D2-L0,0,D2,g-instruction-06,instruction,1.0,0.1353750228881836,-0.19688129425048828,-0.06150627136230469,-0.3790160119533539,updated,0.03445770343144735,1,0.15526520634520005,13
evaluation:M22.1-D2-L0:g-instruction-06:no_update,evaluation,M22.1-D2-L0,0,D2,g-instruction-06,instruction,1.0,0.1353750228881836,-0.19688129425048828,-0.06150627136230469,-0.3790160119533539,no_update,0.05268343289693197,1,0.21259381497247531,1
evaluation:M22.1-D2-L0:g-instruction-06:constant_effect,evaluation,M22.1-D2-L0,0,D2,g-instruction-06,instruction,1.0,0.1353750228881836,-0.19688129425048828,-0.06150627136230469,-0.3790160119533539,constant_effect,0.013369335068596734,1,,
evaluation:M22.1-D2-L0:g-instruction-06:outcome_only,evaluation,M22.1-D2-L0,0,D2,g-instruction-06,instruction,1.0,0.1353750228881836,-0.19688129425048828,-0.06150627136230469,-0.3790160119533539,outcome_only,0.013369335068596734,1,,
evaluation:M22.1-D2-L0:g-instruction-06:shuffled,evaluation,M22.1-D2-L0,0,D2,g-instruction-06,instruction,1.0,0.1353750228881836,-0.19688129425048828,-0.06150627136230469,-0.3790160119533539,shuffled,0.03845630089441935,1,0.15761618583835926,13
evaluation:M22.1-D1-L8:g-instruction-06:updated,evaluation,M22.1-D1-L8,8,D1,g-instruction-06,instruction,1.0,0.022133827209472656,-0.19688129425048828,-0.17474746704101562,0.429290771484375,updated,0.016083439191182453,1,0.076174008265705,13
evaluation:M22.1-D1-L8:g-instruction-06:no_update,evaluation,M22.1-D1-L8,8,D1,g-instruction-06,instruction,1.0,0.022133827209472656,-0.19688129425048828,-0.17474746704101562,0.429290771484375,no_update,-0.008025685946146647,-1,0.08130007826084083,1
evaluation:M22.1-D1-L8:g-instruction-06:constant_effect,evaluation,M22.1-D1-L8,8,D1,g-instruction-06,instruction,1.0,0.022133827209472656,-0.19688129425048828,-0.17474746704101562,0.429290771484375,constant_effect,0.013369335068596734,1,,
evaluation:M22.1-D1-L8:g-instruction-06:outcome_only,evaluation,M22.1-D1-L8,8,D1,g-instruction-06,instruction,1.0,0.022133827209472656,-0.19688129425048828,-0.17474746704101562,0.429290771484375,outcome_only,0.013369335068596734,1,,
evaluation:M22.1-D1-L8:g-instruction-06:shuffled,evaluation,M22.1-D1-L8,8,D1,g-instruction-06,instruction,1.0,0.022133827209472656,-0.19688129425048828,-0.17474746704101562,0.429290771484375,shuffled,0.006121516227722168,1,0.0785087052798317,13
evaluation:M22.1-D2-L8:g-instruction-06:updated,evaluation,M22.1-D2-L8,8,D2,g-instruction-06,instruction,1.0,0.027050018310546875,-0.19688129425048828,-0.1698312759399414,-1.5358079671859741,updated,0.011889994144439697,1,0.07262252241532736,13
evaluation:M22.1-D2-L8:g-instruction-06:no_update,evaluation,M22.1-D2-L8,8,D2,g-instruction-06,instruction,1.0,0.027050018310546875,-0.19688129425048828,-0.1698312759399414,-1.5358079671859741,no_update,0.0035112698872884116,1,0.07094480467508316,1
evaluation:M22.1-D2-L8:g-instruction-06:constant_effect,evaluation,M22.1-D2-L8,8,D2,g-instruction-06,instruction,1.0,0.027050018310546875,-0.19688129425048828,-0.1698312759399414,-1.5358079671859741,constant_effect,0.013369335068596734,1,,
evaluation:M22.1-D2-L8:g-instruction-06:outcome_only,evaluation,M22.1-D2-L8,8,D2,g-instruction-06,instruction,1.0,0.027050018310546875,-0.19688129425048828,-0.1698312759399414,-1.5358079671859741,outcome_only,0.013369335068596734,1,,
evaluation:M22.1-D2-L8:g-instruction-06:shuffled,evaluation,M22.1-D2-L8,8,D2,g-instruction-06,instruction,1.0,0.027050018310546875,-0.19688129425048828,-0.1698312759399414,-1.5358079671859741,shuffled,0.021851917107899983,1,0.06923125204135244,13
evaluation:M22.1-D1-L15:g-instruction-06:updated,evaluation,M22.1-D1-L15,15,D1,g-instruction-06,instruction,1.0,-0.1299419403076172,-0.19688129425048828,-0.32682323455810547,0.3162115514278412,updated,-0.021458208560943604,-1,0.04978595268101367,13
evaluation:M22.1-D1-L15:g-instruction-06:no_update,evaluation,M22.1-D1-L15,15,D1,g-instruction-06,instruction,1.0,-0.1299419403076172,-0.19688129425048828,-0.32682323455810547,0.3162115514278412,no_update,-0.026706496874491375,-1,0.05119368378378787,1
evaluation:M22.1-D1-L15:g-instruction-06:constant_effect,evaluation,M22.1-D1-L15,15,D1,g-instruction-06,instruction,1.0,-0.1299419403076172,-0.19688129425048828,-0.32682323455810547,0.3162115514278412,constant_effect,0.013369335068596734,1,,
evaluation:M22.1-D1-L15:g-instruction-06:outcome_only,evaluation,M22.1-D1-L15,15,D1,g-instruction-06,instruction,1.0,-0.1299419403076172,-0.19688129425048828,-0.32682323455810547,0.3162115514278412,outcome_only,0.013369335068596734,1,,
evaluation:M22.1-D1-L15:g-instruction-06:shuffled,evaluation,M22.1-D1-L15,15,D1,g-instruction-06,instruction,1.0,-0.1299419403076172,-0.19688129425048828,-0.32682323455810547,0.3162115514278412,shuffled,0.009751319885253906,1,0.07316712657745303,13
evaluation:M22.1-D2-L15:g-instruction-06:updated,evaluation,M22.1-D2-L15,15,D2,g-instruction-06,instruction,1.0,0.15674209594726562,-0.19688129425048828,-0.040139198303222656,-2.116513967514038,updated,0.031788408756256104,1,0.05938552807088488,13
evaluation:M22.1-D2-L15:g-instruction-06:no_update,evaluation,M22.1-D2-L15,15,D2,g-instruction-06,instruction,1.0,0.15674209594726562,-0.19688129425048828,-0.040139198303222656,-2.116513967514038,no_update,0.01736768086751302,1,0.03531903214095229,1
evaluation:M22.1-D2-L15:g-instruction-06:constant_effect,evaluation,M22.1-D2-L15,15,D2,g-instruction-06,instruction,1.0,0.15674209594726562,-0.19688129425048828,-0.040139198303222656,-2.116513967514038,constant_effect,0.013369335068596734,1,,
evaluation:M22.1-D2-L15:g-instruction-06:outcome_only,evaluation,M22.1-D2-L15,15,D2,g-instruction-06,instruction,1.0,0.15674209594726562,-0.19688129425048828,-0.040139198303222656,-2.116513967514038,outcome_only,0.013369335068596734,1,,
evaluation:M22.1-D2-L15:g-instruction-06:shuffled,evaluation,M22.1-D2-L15,15,D2,g-instruction-06,instruction,1.0,0.15674209594726562,-0.19688129425048828,-0.040139198303222656,-2.116513967514038,shuffled,0.0005788803100585938,1,0.045685815745134334,13
evaluation:M22.1-D1-L0:g-instruction-09:updated,evaluation,M22.1-D1-L0,0,D1,g-instruction-09,instruction,1.0,-0.008729934692382812,-0.8341007232666016,-0.8428306579589844,-0.00781133770942688,updated,0.032807489236195884,1,0.12329138613627405,13
evaluation:M22.1-D1-L0:g-instruction-09:no_update,evaluation,M22.1-D1-L0,0,D1,g-instruction-09,instruction,1.0,-0.008729934692382812,-0.8341007232666016,-0.8428306579589844,-0.00781133770942688,no_update,0.041385809580485024,1,0.1591114502042553,1
evaluation:M22.1-D1-L0:g-instruction-09:constant_effect,evaluation,M22.1-D1-L0,0,D1,g-instruction-09,instruction,1.0,-0.008729934692382812,-0.8341007232666016,-0.8428306579589844,-0.00781133770942688,constant_effect,0.013369335068596734,1,,
evaluation:M22.1-D1-L0:g-instruction-09:outcome_only,evaluation,M22.1-D1-L0,0,D1,g-instruction-09,instruction,1.0,-0.008729934692382812,-0.8341007232666016,-0.8428306579589844,-0.00781133770942688,outcome_only,0.013369335068596734,1,,
evaluation:M22.1-D1-L0:g-instruction-09:shuffled,evaluation,M22.1-D1-L0,0,D1,g-instruction-09,instruction,1.0,-0.008729934692382812,-0.8341007232666016,-0.8428306579589844,-0.00781133770942688,shuffled,0.028808891773223877,1,0.12007518226315958,13
evaluation:M22.1-D2-L0:g-instruction-09:updated,evaluation,M22.1-D2-L0,0,D2,g-instruction-09,instruction,1.0,0.06721115112304688,-0.8341007232666016,-0.7668895721435547,-0.34398412704467773,updated,0.03445770343144735,1,0.15526520634520005,13
evaluation:M22.1-D2-L0:g-instruction-09:no_update,evaluation,M22.1-D2-L0,0,D2,g-instruction-09,instruction,1.0,0.06721115112304688,-0.8341007232666016,-0.7668895721435547,-0.34398412704467773,no_update,0.05268343289693197,1,0.21259381497247531,1
evaluation:M22.1-D2-L0:g-instruction-09:constant_effect,evaluation,M22.1-D2-L0,0,D2,g-instruction-09,instruction,1.0,0.06721115112304688,-0.8341007232666016,-0.7668895721435547,-0.34398412704467773,constant_effect,0.013369335068596734,1,,
evaluation:M22.1-D2-L0:g-instruction-09:outcome_only,evaluation,M22.1-D2-L0,0,D2,g-instruction-09,instruction,1.0,0.06721115112304688,-0.8341007232666016,-0.7668895721435547,-0.34398412704467773,outcome_only,0.013369335068596734,1,,
evaluation:M22.1-D2-L0:g-instruction-09:shuffled,evaluation,M22.1-D2-L0,0,D2,g-instruction-09,instruction,1.0,0.06721115112304688,-0.8341007232666016,-0.7668895721435547,-0.34398412704467773,shuffled,0.03845630089441935,1,0.15761618583835926,13
evaluation:M22.1-D1-L8:g-instruction-09:updated,evaluation,M22.1-D1-L8,8,D1,g-instruction-09,instruction,1.0,-0.005539894104003906,-0.8341007232666016,-0.8396406173706055,-0.040276288986206055,updated,0.016083439191182453,1,0.076174008265705,13
evaluation:M22.1-D1-L8:g-instruction-09:no_update,evaluation,M22.1-D1-L8,8,D1,g-instruction-09,instruction,1.0,-0.005539894104003906,-0.8341007232666016,-0.8396406173706055,-0.040276288986206055,no_update,-0.008025685946146647,-1,0.08130007826084083,1
evaluation:M22.1-D1-L8:g-instruction-09:constant_effect,evaluation,M22.1-D1-L8,8,D1,g-instruction-09,instruction,1.0,-0.005539894104003906,-0.8341007232666016,-0.8396406173706055,-0.040276288986206055,constant_effect,0.013369335068596734,1,,
evaluation:M22.1-D1-L8:g-instruction-09:outcome_only,evaluation,M22.1-D1-L8,8,D1,g-instruction-09,instruction,1.0,-0.005539894104003906,-0.8341007232666016,-0.8396406173706055,-0.040276288986206055,outcome_only,0.013369335068596734,1,,
evaluation:M22.1-D1-L8:g-instruction-09:shuffled,evaluation,M22.1-D1-L8,8,D1,g-instruction-09,instruction,1.0,-0.005539894104003906,-0.8341007232666016,-0.8396406173706055,-0.040276288986206055,shuffled,0.006121516227722168,1,0.0785087052798317,13
evaluation:M22.1-D2-L8:g-instruction-09:updated,evaluation,M22.1-D2-L8,8,D2,g-instruction-09,instruction,1.0,-0.006298065185546875,-0.8341007232666016,-0.8403987884521484,-0.8812181949615479,updated,0.011889994144439697,1,0.07262252241532736,13
evaluation:M22.1-D2-L8:g-instruction-09:no_update,evaluation,M22.1-D2-L8,8,D2,g-instruction-09,instruction,1.0,-0.006298065185546875,-0.8341007232666016,-0.8403987884521484,-0.8812181949615479,no_update,0.0035112698872884116,1,0.07094480467508316,1
evaluation:M22.1-D2-L8:g-instruction-09:constant_effect,evaluation,M22.1-D2-L8,8,D2,g-instruction-09,instruction,1.0,-0.006298065185546875,-0.8341007232666016,-0.8403987884521484,-0.8812181949615479,constant_effect,0.013369335068596734,1,,
evaluation:M22.1-D2-L8:g-instruction-09:outcome_only,evaluation,M22.1-D2-L8,8,D2,g-instruction-09,instruction,1.0,-0.006298065185546875,-0.8341007232666016,-0.8403987884521484,-0.8812181949615479,outcome_only,0.013369335068596734,1,,
evaluation:M22.1-D2-L8:g-instruction-09:shuffled,evaluation,M22.1-D2-L8,8,D2,g-instruction-09,instruction,1.0,-0.006298065185546875,-0.8341007232666016,-0.8403987884521484,-0.8812181949615479,shuffled,0.021851917107899983,1,0.06923125204135244,13
evaluation:M22.1-D1-L15:g-instruction-09:updated,evaluation,M22.1-D1-L15,15,D1,g-instruction-09,instruction,1.0,-0.025770187377929688,-0.8341007232666016,-0.8598709106445312,0.09110778570175171,updated,-0.021458208560943604,-1,0.04978595268101367,13
evaluation:M22.1-D1-L15:g-instruction-09:no_update,evaluation,M22.1-D1-L15,15,D1,g-instruction-09,instruction,1.0,-0.025770187377929688,-0.8341007232666016,-0.8598709106445312,0.09110778570175171,no_update,-0.026706496874491375,-1,0.05119368378378787,1
evaluation:M22.1-D1-L15:g-instruction-09:constant_effect,evaluation,M22.1-D1-L15,15,D1,g-instruction-09,instruction,1.0,-0.025770187377929688,-0.8341007232666016,-0.8598709106445312,0.09110778570175171,constant_effect,0.013369335068596734,1,,
evaluation:M22.1-D1-L15:g-instruction-09:outcome_only,evaluation,M22.1-D1-L15,15,D1,g-instruction-09,instruction,1.0,-0.025770187377929688,-0.8341007232666016,-0.8598709106445312,0.09110778570175171,outcome_only,0.013369335068596734,1,,
evaluation:M22.1-D1-L15:g-instruction-09:shuffled,evaluation,M22.1-D1-L15,15,D1,g-instruction-09,instruction,1.0,-0.025770187377929688,-0.8341007232666016,-0.8598709106445312,0.09110778570175171,shuffled,0.009751319885253906,1,0.07316712657745303,13
evaluation:M22.1-D2-L15:g-instruction-09:updated,evaluation,M22.1-D2-L15,15,D2,g-instruction-09,instruction,1.0,0.14873886108398438,-0.8341007232666016,-0.6853618621826172,-1.9135297536849976,updated,0.031788408756256104,1,0.05938552807088488,13
evaluation:M22.1-D2-L15:g-instruction-09:no_update,evaluation,M22.1-D2-L15,15,D2,g-instruction-09,instruction,1.0,0.14873886108398438,-0.8341007232666016,-0.6853618621826172,-1.9135297536849976,no_update,0.01736768086751302,1,0.03531903214095229,1
evaluation:M22.1-D2-L15:g-instruction-09:constant_effect,evaluation,M22.1-D2-L15,15,D2,g-instruction-09,instruction,1.0,0.14873886108398438,-0.8341007232666016,-0.6853618621826172,-1.9135297536849976,constant_effect,0.013369335068596734,1,,
evaluation:M22.1-D2-L15:g-instruction-09:outcome_only,evaluation,M22.1-D2-L15,15,D2,g-instruction-09,instruction,1.0,0.14873886108398438,-0.8341007232666016,-0.6853618621826172,-1.9135297536849976,outcome_only,0.013369335068596734,1,,
evaluation:M22.1-D2-L15:g-instruction-09:shuffled,evaluation,M22.1-D2-L15,15,D2,g-instruction-09,instruction,1.0,0.14873886108398438,-0.8341007232666016,-0.6853618621826172,-1.9135297536849976,shuffled,0.0005788803100585938,1,0.045685815745134334,13
evaluation:M22.1-D1-L0:g-instruction-12:updated,evaluation,M22.1-D1-L0,0,D1,g-instruction-12,instruction,1.0,0.013978004455566406,0.6995725631713867,0.7135505676269531,0.009613081812858582,updated,0.032807489236195884,1,0.12329138613627405,13
evaluation:M22.1-D1-L0:g-instruction-12:no_update,evaluation,M22.1-D1-L0,0,D1,g-instruction-12,instruction,1.0,0.013978004455566406,0.6995725631713867,0.7135505676269531,0.009613081812858582,no_update,0.041385809580485024,1,0.1591114502042553,1
evaluation:M22.1-D1-L0:g-instruction-12:constant_effect,evaluation,M22.1-D1-L0,0,D1,g-instruction-12,instruction,1.0,0.013978004455566406,0.6995725631713867,0.7135505676269531,0.009613081812858582,constant_effect,0.013369335068596734,1,,
evaluation:M22.1-D1-L0:g-instruction-12:outcome_only,evaluation,M22.1-D1-L0,0,D1,g-instruction-12,instruction,1.0,0.013978004455566406,0.6995725631713867,0.7135505676269531,0.009613081812858582,outcome_only,0.013369335068596734,1,,
evaluation:M22.1-D1-L0:g-instruction-12:shuffled,evaluation,M22.1-D1-L0,0,D1,g-instruction-12,instruction,1.0,0.013978004455566406,0.6995725631713867,0.7135505676269531,0.009613081812858582,shuffled,0.028808891773223877,1,0.12007518226315958,13
evaluation:M22.1-D2-L0:g-instruction-12:updated,evaluation,M22.1-D2-L0,0,D2,g-instruction-12,instruction,1.0,-0.08739089965820312,0.6995725631713867,0.6121816635131836,-0.37289124727249146,updated,0.03445770343144735,1,0.15526520634520005,13
evaluation:M22.1-D2-L0:g-instruction-12:no_update,evaluation,M22.1-D2-L0,0,D2,g-instruction-12,instruction,1.0,-0.08739089965820312,0.6995725631713867,0.6121816635131836,-0.37289124727249146,no_update,0.05268343289693197,1,0.21259381497247531,1
evaluation:M22.1-D2-L0:g-instruction-12:constant_effect,evaluation,M22.1-D2-L0,0,D2,g-instruction-12,instruction,1.0,-0.08739089965820312,0.6995725631713867,0.6121816635131836,-0.37289124727249146,constant_effect,0.013369335068596734,1,,
evaluation:M22.1-D2-L0:g-instruction-12:outcome_only,evaluation,M22.1-D2-L0,0,D2,g-instruction-12,instruction,1.0,-0.08739089965820312,0.6995725631713867,0.6121816635131836,-0.37289124727249146,outcome_only,0.013369335068596734,1,,
evaluation:M22.1-D2-L0:g-instruction-12:shuffled,evaluation,M22.1-D2-L0,0,D2,g-instruction-12,instruction,1.0,-0.08739089965820312,0.6995725631713867,0.6121816635131836,-0.37289124727249146,shuffled,0.03845630089441935,1,0.15761618583835926,13
evaluation:M22.1-D1-L8:g-instruction-12:updated,evaluation,M22.1-D1-L8,8,D1,g-instruction-12,instruction,1.0,0.001514434814453125,0.6995725631713867,0.7010869979858398,0.4834008812904358,updated,0.016083439191182453,1,0.076174008265705,13
evaluation:M22.1-D1-L8:g-instruction-12:no_update,evaluation,M22.1-D1-L8,8,D1,g-instruction-12,instruction,1.0,0.001514434814453125,0.6995725631713867,0.7010869979858398,0.4834008812904358,no_update,-0.008025685946146647,-1,0.08130007826084083,1
evaluation:M22.1-D1-L8:g-instruction-12:constant_effect,evaluation,M22.1-D1-L8,8,D1,g-instruction-12,instruction,1.0,0.001514434814453125,0.6995725631713867,0.7010869979858398,0.4834008812904358,constant_effect,0.013369335068596734,1,,
evaluation:M22.1-D1-L8:g-instruction-12:outcome_only,evaluation,M22.1-D1-L8,8,D1,g-instruction-12,instruction,1.0,0.001514434814453125,0.6995725631713867,0.7010869979858398,0.4834008812904358,outcome_only,0.013369335068596734,1,,
evaluation:M22.1-D1-L8:g-instruction-12:shuffled,evaluation,M22.1-D1-L8,8,D1,g-instruction-12,instruction,1.0,0.001514434814453125,0.6995725631713867,0.7010869979858398,0.4834008812904358,shuffled,0.006121516227722168,1,0.0785087052798317,13
evaluation:M22.1-D2-L8:g-instruction-12:updated,evaluation,M22.1-D2-L8,8,D2,g-instruction-12,instruction,1.0,0.1242685317993164,0.6995725631713867,0.8238410949707031,-1.413417100906372,updated,0.011889994144439697,1,0.07262252241532736,13
evaluation:M22.1-D2-L8:g-instruction-12:no_update,evaluation,M22.1-D2-L8,8,D2,g-instruction-12,instruction,1.0,0.1242685317993164,0.6995725631713867,0.8238410949707031,-1.413417100906372,no_update,0.0035112698872884116,1,0.07094480467508316,1
evaluation:M22.1-D2-L8:g-instruction-12:constant_effect,evaluation,M22.1-D2-L8,8,D2,g-instruction-12,instruction,1.0,0.1242685317993164,0.6995725631713867,0.8238410949707031,-1.413417100906372,constant_effect,0.013369335068596734,1,,
evaluation:M22.1-D2-L8:g-instruction-12:outcome_only,evaluation,M22.1-D2-L8,8,D2,g-instruction-12,instruction,1.0,0.1242685317993164,0.6995725631713867,0.8238410949707031,-1.413417100906372,outcome_only,0.013369335068596734,1,,
evaluation:M22.1-D2-L8:g-instruction-12:shuffled,evaluation,M22.1-D2-L8,8,D2,g-instruction-12,instruction,1.0,0.1242685317993164,0.6995725631713867,0.8238410949707031,-1.413417100906372,shuffled,0.021851917107899983,1,0.06923125204135244,13
evaluation:M22.1-D1-L15:g-instruction-12:updated,evaluation,M22.1-D1-L15,15,D1,g-instruction-12,instruction,1.0,-0.1241598129272461,0.6995725631713867,0.5754127502441406,0.5575981736183167,updated,-0.021458208560943604,-1,0.04978595268101367,13
evaluation:M22.1-D1-L15:g-instruction-12:no_update,evaluation,M22.1-D1-L15,15,D1,g-instruction-12,instruction,1.0,-0.1241598129272461,0.6995725631713867,0.5754127502441406,0.5575981736183167,no_update,-0.026706496874491375,-1,0.05119368378378787,1
evaluation:M22.1-D1-L15:g-instruction-12:constant_effect,evaluation,M22.1-D1-L15,15,D1,g-instruction-12,instruction,1.0,-0.1241598129272461,0.6995725631713867,0.5754127502441406,0.5575981736183167,constant_effect,0.013369335068596734,1,,
evaluation:M22.1-D1-L15:g-instruction-12:outcome_only,evaluation,M22.1-D1-L15,15,D1,g-instruction-12,instruction,1.0,-0.1241598129272461,0.6995725631713867,0.5754127502441406,0.5575981736183167,outcome_only,0.013369335068596734,1,,
evaluation:M22.1-D1-L15:g-instruction-12:shuffled,evaluation,M22.1-D1-L15,15,D1,g-instruction-12,instruction,1.0,-0.1241598129272461,0.6995725631713867,0.5754127502441406,0.5575981736183167,shuffled,0.009751319885253906,1,0.07316712657745303,13
evaluation:M22.1-D2-L15:g-instruction-12:updated,evaluation,M22.1-D2-L15,15,D2,g-instruction-12,instruction,1.0,0.06392478942871094,0.6995725631713867,0.7634973526000977,-1.9317660331726074,updated,0.031788408756256104,1,0.05938552807088488,13
evaluation:M22.1-D2-L15:g-instruction-12:no_update,evaluation,M22.1-D2-L15,15,D2,g-instruction-12,instruction,1.0,0.06392478942871094,0.6995725631713867,0.7634973526000977,-1.9317660331726074,no_update,0.01736768086751302,1,0.03531903214095229,1
evaluation:M22.1-D2-L15:g-instruction-12:constant_effect,evaluation,M22.1-D2-L15,15,D2,g-instruction-12,instruction,1.0,0.06392478942871094,0.6995725631713867,0.7634973526000977,-1.9317660331726074,constant_effect,0.013369335068596734,1,,
evaluation:M22.1-D2-L15:g-instruction-12:outcome_only,evaluation,M22.1-D2-L15,15,D2,g-instruction-12,instruction,1.0,0.06392478942871094,0.6995725631713867,0.7634973526000977,-1.9317660331726074,outcome_only,0.013369335068596734,1,,
evaluation:M22.1-D2-L15:g-instruction-12:shuffled,evaluation,M22.1-D2-L15,15,D2,g-instruction-12,instruction,1.0,0.06392478942871094,0.6995725631713867,0.7634973526000977,-1.9317660331726074,shuffled,0.0005788803100585938,1,0.045685815745134334,13
evaluation:M22.1-D1-L0:g-syntax-03:updated,evaluation,M22.1-D1-L0,0,D1,g-syntax-03,syntax,1.0,-0.05910301208496094,-1.9469566345214844,-2.0060596466064453,0.09663373976945877,updated,0.032807489236195884,1,0.12329138613627405,13
evaluation:M22.1-D1-L0:g-syntax-03:no_update,evaluation,M22.1-D1-L0,0,D1,g-syntax-03,syntax,1.0,-0.05910301208496094,-1.9469566345214844,-2.0060596466064453,0.09663373976945877,no_update,0.041385809580485024,1,0.1591114502042553,1
evaluation:M22.1-D1-L0:g-syntax-03:constant_effect,evaluation,M22.1-D1-L0,0,D1,g-syntax-03,syntax,1.0,-0.05910301208496094,-1.9469566345214844,-2.0060596466064453,0.09663373976945877,constant_effect,0.013369335068596734,1,,
evaluation:M22.1-D1-L0:g-syntax-03:outcome_only,evaluation,M22.1-D1-L0,0,D1,g-syntax-03,syntax,1.0,-0.05910301208496094,-1.9469566345214844,-2.0060596466064453,0.09663373976945877,outcome_only,0.013369335068596734,1,,
evaluation:M22.1-D1-L0:g-syntax-03:shuffled,evaluation,M22.1-D1-L0,0,D1,g-syntax-03,syntax,1.0,-0.05910301208496094,-1.9469566345214844,-2.0060596466064453,0.09663373976945877,shuffled,0.028808891773223877,1,0.12007518226315958,13
evaluation:M22.1-D2-L0:g-syntax-03:updated,evaluation,M22.1-D2-L0,0,D2,g-syntax-03,syntax,1.0,-0.23637008666992188,-1.9469566345214844,-2.1833267211914062,-0.2922646403312683,updated,0.03445770343144735,1,0.15526520634520005,13
evaluation:M22.1-D2-L0:g-syntax-03:no_update,evaluation,M22.1-D2-L0,0,D2,g-syntax-03,syntax,1.0,-0.23637008666992188,-1.9469566345214844,-2.1833267211914062,-0.2922646403312683,no_update,0.05268343289693197,1,0.21259381497247531,1
evaluation:M22.1-D2-L0:g-syntax-03:constant_effect,evaluation,M22.1-D2-L0,0,D2,g-syntax-03,syntax,1.0,-0.23637008666992188,-1.9469566345214844,-2.1833267211914062,-0.2922646403312683,constant_effect,0.013369335068596734,1,,
evaluation:M22.1-D2-L0:g-syntax-03:outcome_only,evaluation,M22.1-D2-L0,0,D2,g-syntax-03,syntax,1.0,-0.23637008666992188,-1.9469566345214844,-2.1833267211914062,-0.2922646403312683,outcome_only,0.013369335068596734,1,,
evaluation:M22.1-D2-L0:g-syntax-03:shuffled,evaluation,M22.1-D2-L0,0,D2,g-syntax-03,syntax,1.0,-0.23637008666992188,-1.9469566345214844,-2.1833267211914062,-0.2922646403312683,shuffled,0.03845630089441935,1,0.15761618583835926,13
evaluation:M22.1-D1-L8:g-syntax-03:updated,evaluation,M22.1-D1-L8,8,D1,g-syntax-03,syntax,1.0,0.0694284439086914,-1.9469566345214844,-1.877528190612793,0.33993393182754517,updated,0.016083439191182453,1,0.076174008265705,13
evaluation:M22.1-D1-L8:g-syntax-03:no_update,evaluation,M22.1-D1-L8,8,D1,g-syntax-03,syntax,1.0,0.0694284439086914,-1.9469566345214844,-1.877528190612793,0.33993393182754517,no_update,-0.008025685946146647,-1,0.08130007826084083,1
evaluation:M22.1-D1-L8:g-syntax-03:constant_effect,evaluation,M22.1-D1-L8,8,D1,g-syntax-03,syntax,1.0,0.0694284439086914,-1.9469566345214844,-1.877528190612793,0.33993393182754517,constant_effect,0.013369335068596734,1,,
evaluation:M22.1-D1-L8:g-syntax-03:outcome_only,evaluation,M22.1-D1-L8,8,D1,g-syntax-03,syntax,1.0,0.0694284439086914,-1.9469566345214844,-1.877528190612793,0.33993393182754517,outcome_only,0.013369335068596734,1,,
evaluation:M22.1-D1-L8:g-syntax-03:shuffled,evaluation,M22.1-D1-L8,8,D1,g-syntax-03,syntax,1.0,0.0694284439086914,-1.9469566345214844,-1.877528190612793,0.33993393182754517,shuffled,0.006121516227722168,1,0.0785087052798317,13
evaluation:M22.1-D2-L8:g-syntax-03:updated,evaluation,M22.1-D2-L8,8,D2,g-syntax-03,syntax,1.0,-0.036841392517089844,-1.9469566345214844,-1.9837980270385742,-0.5213649272918701,updated,0.011889994144439697,1,0.07262252241532736,13
evaluation:M22.1-D2-L8:g-syntax-03:no_update,evaluation,M22.1-D2-L8,8,D2,g-syntax-03,syntax,1.0,-0.036841392517089844,-1.9469566345214844,-1.9837980270385742,-0.5213649272918701,no_update,0.0035112698872884116,1,0.07094480467508316,1
evaluation:M22.1-D2-L8:g-syntax-03:constant_effect,evaluation,M22.1-D2-L8,8,D2,g-syntax-03,syntax,1.0,-0.036841392517089844,-1.9469566345214844,-1.9837980270385742,-0.5213649272918701,constant_effect,0.013369335068596734,1,,
evaluation:M22.1-D2-L8:g-syntax-03:outcome_only,evaluation,M22.1-D2-L8,8,D2,g-syntax-03,syntax,1.0,-0.036841392517089844,-1.9469566345214844,-1.9837980270385742,-0.5213649272918701,outcome_only,0.013369335068596734,1,,
evaluation:M22.1-D2-L8:g-syntax-03:shuffled,evaluation,M22.1-D2-L8,8,D2,g-syntax-03,syntax,1.0,-0.036841392517089844,-1.9469566345214844,-1.9837980270385742,-0.5213649272918701,shuffled,0.021851917107899983,1,0.06923125204135244,13
evaluation:M22.1-D1-L15:g-syntax-03:updated,evaluation,M22.1-D1-L15,15,D1,g-syntax-03,syntax,1.0,0.10995769500732422,-1.9469566345214844,-1.8369989395141602,0.3812391459941864,updated,-0.021458208560943604,-1,0.04978595268101367,13
evaluation:M22.1-D1-L15:g-syntax-03:no_update,evaluation,M22.1-D1-L15,15,D1,g-syntax-03,syntax,1.0,0.10995769500732422,-1.9469566345214844,-1.8369989395141602,0.3812391459941864,no_update,-0.026706496874491375,-1,0.05119368378378787,1
evaluation:M22.1-D1-L15:g-syntax-03:constant_effect,evaluation,M22.1-D1-L15,15,D1,g-syntax-03,syntax,1.0,0.10995769500732422,-1.9469566345214844,-1.8369989395141602,0.3812391459941864,constant_effect,0.013369335068596734,1,,
evaluation:M22.1-D1-L15:g-syntax-03:outcome_only,evaluation,M22.1-D1-L15,15,D1,g-syntax-03,syntax,1.0,0.10995769500732422,-1.9469566345214844,-1.8369989395141602,0.3812391459941864,outcome_only,0.013369335068596734,1,,
evaluation:M22.1-D1-L15:g-syntax-03:shuffled,evaluation,M22.1-D1-L15,15,D1,g-syntax-03,syntax,1.0,0.10995769500732422,-1.9469566345214844,-1.8369989395141602,0.3812391459941864,shuffled,0.009751319885253906,1,0.07316712657745303,13
evaluation:M22.1-D2-L15:g-syntax-03:updated,evaluation,M22.1-D2-L15,15,D2,g-syntax-03,syntax,1.0,0.004627704620361328,-1.9469566345214844,-1.942328929901123,-0.5071413516998291,updated,0.031788408756256104,1,0.05938552807088488,13
evaluation:M22.1-D2-L15:g-syntax-03:no_update,evaluation,M22.1-D2-L15,15,D2,g-syntax-03,syntax,1.0,0.004627704620361328,-1.9469566345214844,-1.942328929901123,-0.5071413516998291,no_update,0.01736768086751302,1,0.03531903214095229,1
evaluation:M22.1-D2-L15:g-syntax-03:constant_effect,evaluation,M22.1-D2-L15,15,D2,g-syntax-03,syntax,1.0,0.004627704620361328,-1.9469566345214844,-1.942328929901123,-0.5071413516998291,constant_effect,0.013369335068596734,1,,
evaluation:M22.1-D2-L15:g-syntax-03:outcome_only,evaluation,M22.1-D2-L15,15,D2,g-syntax-03,syntax,1.0,0.004627704620361328,-1.9469566345214844,-1.942328929901123,-0.5071413516998291,outcome_only,0.013369335068596734,1,,
evaluation:M22.1-D2-L15:g-syntax-03:shuffled,evaluation,M22.1-D2-L15,15,D2,g-syntax-03,syntax,1.0,0.004627704620361328,-1.9469566345214844,-1.942328929901123,-0.5071413516998291,shuffled,0.0005788803100585938,1,0.045685815745134334,13
evaluation:M22.1-D1-L0:g-syntax-06:updated,evaluation,M22.1-D1-L0,0,D1,g-syntax-06,syntax,1.0,-0.14281272888183594,-3.699583053588867,-3.842395782470703,0.07769447565078735,updated,0.032807489236195884,1,0.12329138613627405,13
evaluation:M22.1-D1-L0:g-syntax-06:no_update,evaluation,M22.1-D1-L0,0,D1,g-syntax-06,syntax,1.0,-0.14281272888183594,-3.699583053588867,-3.842395782470703,0.07769447565078735,no_update,0.041385809580485024,1,0.1591114502042553,1
evaluation:M22.1-D1-L0:g-syntax-06:constant_effect,evaluation,M22.1-D1-L0,0,D1,g-syntax-06,syntax,1.0,-0.14281272888183594,-3.699583053588867,-3.842395782470703,0.07769447565078735,constant_effect,0.013369335068596734,1,,
evaluation:M22.1-D1-L0:g-syntax-06:outcome_only,evaluation,M22.1-D1-L0,0,D1,g-syntax-06,syntax,1.0,-0.14281272888183594,-3.699583053588867,-3.842395782470703,0.07769447565078735,outcome_only,0.013369335068596734,1,,
evaluation:M22.1-D1-L0:g-syntax-06:shuffled,evaluation,M22.1-D1-L0,0,D1,g-syntax-06,syntax,1.0,-0.14281272888183594,-3.699583053588867,-3.842395782470703,0.07769447565078735,shuffled,0.028808891773223877,1,0.12007518226315958,13
evaluation:M22.1-D2-L0:g-syntax-06:updated,evaluation,M22.1-D2-L0,0,D2,g-syntax-06,syntax,1.0,-0.007521629333496094,-3.699583053588867,-3.7071046829223633,-0.2586318254470825,updated,0.03445770343144735,1,0.15526520634520005,13
evaluation:M22.1-D2-L0:g-syntax-06:no_update,evaluation,M22.1-D2-L0,0,D2,g-syntax-06,syntax,1.0,-0.007521629333496094,-3.699583053588867,-3.7071046829223633,-0.2586318254470825,no_update,0.05268343289693197,1,0.21259381497247531,1
evaluation:M22.1-D2-L0:g-syntax-06:constant_effect,evaluation,M22.1-D2-L0,0,D2,g-syntax-06,syntax,1.0,-0.007521629333496094,-3.699583053588867,-3.7071046829223633,-0.2586318254470825,constant_effect,0.013369335068596734,1,,
evaluation:M22.1-D2-L0:g-syntax-06:outcome_only,evaluation,M22.1-D2-L0,0,D2,g-syntax-06,syntax,1.0,-0.007521629333496094,-3.699583053588867,-3.7071046829223633,-0.2586318254470825,outcome_only,0.013369335068596734,1,,
evaluation:M22.1-D2-L0:g-syntax-06:shuffled,evaluation,M22.1-D2-L0,0,D2,g-syntax-06,syntax,1.0,-0.007521629333496094,-3.699583053588867,-3.7071046829223633,-0.2586318254470825,shuffled,0.03845630089441935,1,0.15761618583835926,13
evaluation:M22.1-D1-L8:g-syntax-06:updated,evaluation,M22.1-D1-L8,8,D1,g-syntax-06,syntax,1.0,-0.02131366729736328,-3.699583053588867,-3.7208967208862305,0.15422537922859192,updated,0.016083439191182453,1,0.076174008265705,13
evaluation:M22.1-D1-L8:g-syntax-06:no_update,evaluation,M22.1-D1-L8,8,D1,g-syntax-06,syntax,1.0,-0.02131366729736328,-3.699583053588867,-3.7208967208862305,0.15422537922859192,no_update,-0.008025685946146647,-1,0.08130007826084083,1
evaluation:M22.1-D1-L8:g-syntax-06:constant_effect,evaluation,M22.1-D1-L8,8,D1,g-syntax-06,syntax,1.0,-0.02131366729736328,-3.699583053588867,-3.7208967208862305,0.15422537922859192,constant_effect,0.013369335068596734,1,,
evaluation:M22.1-D1-L8:g-syntax-06:outcome_only,evaluation,M22.1-D1-L8,8,D1,g-syntax-06,syntax,1.0,-0.02131366729736328,-3.699583053588867,-3.7208967208862305,0.15422537922859192,outcome_only,0.013369335068596734,1,,
evaluation:M22.1-D1-L8:g-syntax-06:shuffled,evaluation,M22.1-D1-L8,8,D1,g-syntax-06,syntax,1.0,-0.02131366729736328,-3.699583053588867,-3.7208967208862305,0.15422537922859192,shuffled,0.006121516227722168,1,0.0785087052798317,13
evaluation:M22.1-D2-L8:g-syntax-06:updated,evaluation,M22.1-D2-L8,8,D2,g-syntax-06,syntax,1.0,-0.027370452880859375,-3.699583053588867,-3.7269535064697266,-0.848128080368042,updated,0.011889994144439697,1,0.07262252241532736,13
evaluation:M22.1-D2-L8:g-syntax-06:no_update,evaluation,M22.1-D2-L8,8,D2,g-syntax-06,syntax,1.0,-0.027370452880859375,-3.699583053588867,-3.7269535064697266,-0.848128080368042,no_update,0.0035112698872884116,1,0.07094480467508316,1
evaluation:M22.1-D2-L8:g-syntax-06:constant_effect,evaluation,M22.1-D2-L8,8,D2,g-syntax-06,syntax,1.0,-0.027370452880859375,-3.699583053588867,-3.7269535064697266,-0.848128080368042,constant_effect,0.013369335068596734,1,,
evaluation:M22.1-D2-L8:g-syntax-06:outcome_only,evaluation,M22.1-D2-L8,8,D2,g-syntax-06,syntax,1.0,-0.027370452880859375,-3.699583053588867,-3.7269535064697266,-0.848128080368042,outcome_only,0.013369335068596734,1,,
evaluation:M22.1-D2-L8:g-syntax-06:shuffled,evaluation,M22.1-D2-L8,8,D2,g-syntax-06,syntax,1.0,-0.027370452880859375,-3.699583053588867,-3.7269535064697266,-0.848128080368042,shuffled,0.021851917107899983,1,0.06923125204135244,13
evaluation:M22.1-D1-L15:g-syntax-06:updated,evaluation,M22.1-D1-L15,15,D1,g-syntax-06,syntax,1.0,-0.038005828857421875,-3.699583053588867,-3.737588882446289,0.1065639853477478,updated,-0.021458208560943604,-1,0.04978595268101367,13
evaluation:M22.1-D1-L15:g-syntax-06:no_update,evaluation,M22.1-D1-L15,15,D1,g-syntax-06,syntax,1.0,-0.038005828857421875,-3.699583053588867,-3.737588882446289,0.1065639853477478,no_update,-0.026706496874491375,-1,0.05119368378378787,1
evaluation:M22.1-D1-L15:g-syntax-06:constant_effect,evaluation,M22.1-D1-L15,15,D1,g-syntax-06,syntax,1.0,-0.038005828857421875,-3.699583053588867,-3.737588882446289,0.1065639853477478,constant_effect,0.013369335068596734,1,,
evaluation:M22.1-D1-L15:g-syntax-06:outcome_only,evaluation,M22.1-D1-L15,15,D1,g-syntax-06,syntax,1.0,-0.038005828857421875,-3.699583053588867,-3.737588882446289,0.1065639853477478,outcome_only,0.013369335068596734,1,,
evaluation:M22.1-D1-L15:g-syntax-06:shuffled,evaluation,M22.1-D1-L15,15,D1,g-syntax-06,syntax,1.0,-0.038005828857421875,-3.699583053588867,-3.737588882446289,0.1065639853477478,shuffled,0.009751319885253906,1,0.07316712657745303,13
evaluation:M22.1-D2-L15:g-syntax-06:updated,evaluation,M22.1-D2-L15,15,D2,g-syntax-06,syntax,1.0,-0.055629730224609375,-3.699583053588867,-3.7552127838134766,-0.8316408395767212,updated,0.031788408756256104,1,0.05938552807088488,13
evaluation:M22.1-D2-L15:g-syntax-06:no_update,evaluation,M22.1-D2-L15,15,D2,g-syntax-06,syntax,1.0,-0.055629730224609375,-3.699583053588867,-3.7552127838134766,-0.8316408395767212,no_update,0.01736768086751302,1,0.03531903214095229,1
evaluation:M22.1-D2-L15:g-syntax-06:constant_effect,evaluation,M22.1-D2-L15,15,D2,g-syntax-06,syntax,1.0,-0.055629730224609375,-3.699583053588867,-3.7552127838134766,-0.8316408395767212,constant_effect,0.013369335068596734,1,,
evaluation:M22.1-D2-L15:g-syntax-06:outcome_only,evaluation,M22.1-D2-L15,15,D2,g-syntax-06,syntax,1.0,-0.055629730224609375,-3.699583053588867,-3.7552127838134766,-0.8316408395767212,outcome_only,0.013369335068596734,1,,
evaluation:M22.1-D2-L15:g-syntax-06:shuffled,evaluation,M22.1-D2-L15,15,D2,g-syntax-06,syntax,1.0,-0.055629730224609375,-3.699583053588867,-3.7552127838134766,-0.8316408395767212,shuffled,0.0005788803100585938,1,0.045685815745134334,13
evaluation:M22.1-D1-L0:g-syntax-09:updated,evaluation,M22.1-D1-L0,0,D1,g-syntax-09,syntax,1.0,-0.09695148468017578,-3.3800458908081055,-3.4769973754882812,0.0991511195898056,updated,0.032807489236195884,1,0.12329138613627405,13
evaluation:M22.1-D1-L0:g-syntax-09:no_update,evaluation,M22.1-D1-L0,0,D1,g-syntax-09,syntax,1.0,-0.09695148468017578,-3.3800458908081055,-3.4769973754882812,0.0991511195898056,no_update,0.041385809580485024,1,0.1591114502042553,1
evaluation:M22.1-D1-L0:g-syntax-09:constant_effect,evaluation,M22.1-D1-L0,0,D1,g-syntax-09,syntax,1.0,-0.09695148468017578,-3.3800458908081055,-3.4769973754882812,0.0991511195898056,constant_effect,0.013369335068596734,1,,
evaluation:M22.1-D1-L0:g-syntax-09:outcome_only,evaluation,M22.1-D1-L0,0,D1,g-syntax-09,syntax,1.0,-0.09695148468017578,-3.3800458908081055,-3.4769973754882812,0.0991511195898056,outcome_only,0.013369335068596734,1,,
evaluation:M22.1-D1-L0:g-syntax-09:shuffled,evaluation,M22.1-D1-L0,0,D1,g-syntax-09,syntax,1.0,-0.09695148468017578,-3.3800458908081055,-3.4769973754882812,0.0991511195898056,shuffled,0.028808891773223877,1,0.12007518226315958,13
evaluation:M22.1-D2-L0:g-syntax-09:updated,evaluation,M22.1-D2-L0,0,D2,g-syntax-09,syntax,1.0,-0.07436180114746094,-3.3800458908081055,-3.4544076919555664,-0.28645557165145874,updated,0.03445770343144735,1,0.15526520634520005,13
evaluation:M22.1-D2-L0:g-syntax-09:no_update,evaluation,M22.1-D2-L0,0,D2,g-syntax-09,syntax,1.0,-0.07436180114746094,-3.3800458908081055,-3.4544076919555664,-0.28645557165145874,no_update,0.05268343289693197,1,0.21259381497247531,1
evaluation:M22.1-D2-L0:g-syntax-09:constant_effect,evaluation,M22.1-D2-L0,0,D2,g-syntax-09,syntax,1.0,-0.07436180114746094,-3.3800458908081055,-3.4544076919555664,-0.28645557165145874,constant_effect,0.013369335068596734,1,,
evaluation:M22.1-D2-L0:g-syntax-09:outcome_only,evaluation,M22.1-D2-L0,0,D2,g-syntax-09,syntax,1.0,-0.07436180114746094,-3.3800458908081055,-3.4544076919555664,-0.28645557165145874,outcome_only,0.013369335068596734,1,,
evaluation:M22.1-D2-L0:g-syntax-09:shuffled,evaluation,M22.1-D2-L0,0,D2,g-syntax-09,syntax,1.0,-0.07436180114746094,-3.3800458908081055,-3.4544076919555664,-0.28645557165145874,shuffled,0.03845630089441935,1,0.15761618583835926,13
evaluation:M22.1-D1-L8:g-syntax-09:updated,evaluation,M22.1-D1-L8,8,D1,g-syntax-09,syntax,1.0,0.03715324401855469,-3.3800458908081055,-3.342892646789551,0.10795950889587402,updated,0.016083439191182453,1,0.076174008265705,13
evaluation:M22.1-D1-L8:g-syntax-09:no_update,evaluation,M22.1-D1-L8,8,D1,g-syntax-09,syntax,1.0,0.03715324401855469,-3.3800458908081055,-3.342892646789551,0.10795950889587402,no_update,-0.008025685946146647,-1,0.08130007826084083,1
evaluation:M22.1-D1-L8:g-syntax-09:constant_effect,evaluation,M22.1-D1-L8,8,D1,g-syntax-09,syntax,1.0,0.03715324401855469,-3.3800458908081055,-3.342892646789551,0.10795950889587402,constant_effect,0.013369335068596734,1,,
evaluation:M22.1-D1-L8:g-syntax-09:outcome_only,evaluation,M22.1-D1-L8,8,D1,g-syntax-09,syntax,1.0,0.03715324401855469,-3.3800458908081055,-3.342892646789551,0.10795950889587402,outcome_only,0.013369335068596734,1,,
evaluation:M22.1-D1-L8:g-syntax-09:shuffled,evaluation,M22.1-D1-L8,8,D1,g-syntax-09,syntax,1.0,0.03715324401855469,-3.3800458908081055,-3.342892646789551,0.10795950889587402,shuffled,0.006121516227722168,1,0.0785087052798317,13
evaluation:M22.1-D2-L8:g-syntax-09:updated,evaluation,M22.1-D2-L8,8,D2,g-syntax-09,syntax,1.0,-0.035920143127441406,-3.3800458908081055,-3.415966033935547,-0.11745528131723404,updated,0.011889994144439697,1,0.07262252241532736,13
evaluation:M22.1-D2-L8:g-syntax-09:no_update,evaluation,M22.1-D2-L8,8,D2,g-syntax-09,syntax,1.0,-0.035920143127441406,-3.3800458908081055,-3.415966033935547,-0.11745528131723404,no_update,0.0035112698872884116,1,0.07094480467508316,1
evaluation:M22.1-D2-L8:g-syntax-09:constant_effect,evaluation,M22.1-D2-L8,8,D2,g-syntax-09,syntax,1.0,-0.035920143127441406,-3.3800458908081055,-3.415966033935547,-0.11745528131723404,constant_effect,0.013369335068596734,1,,
evaluation:M22.1-D2-L8:g-syntax-09:outcome_only,evaluation,M22.1-D2-L8,8,D2,g-syntax-09,syntax,1.0,-0.035920143127441406,-3.3800458908081055,-3.415966033935547,-0.11745528131723404,outcome_only,0.013369335068596734,1,,
evaluation:M22.1-D2-L8:g-syntax-09:shuffled,evaluation,M22.1-D2-L8,8,D2,g-syntax-09,syntax,1.0,-0.035920143127441406,-3.3800458908081055,-3.415966033935547,-0.11745528131723404,shuffled,0.021851917107899983,1,0.06923125204135244,13
evaluation:M22.1-D1-L15:g-syntax-09:updated,evaluation,M22.1-D1-L15,15,D1,g-syntax-09,syntax,1.0,0.04994821548461914,-3.3800458908081055,-3.3300976753234863,-0.041635662317276,updated,-0.021458208560943604,-1,0.04978595268101367,13
evaluation:M22.1-D1-L15:g-syntax-09:no_update,evaluation,M22.1-D1-L15,15,D1,g-syntax-09,syntax,1.0,0.04994821548461914,-3.3800458908081055,-3.3300976753234863,-0.041635662317276,no_update,-0.026706496874491375,-1,0.05119368378378787,1
evaluation:M22.1-D1-L15:g-syntax-09:constant_effect,evaluation,M22.1-D1-L15,15,D1,g-syntax-09,syntax,1.0,0.04994821548461914,-3.3800458908081055,-3.3300976753234863,-0.041635662317276,constant_effect,0.013369335068596734,1,,
evaluation:M22.1-D1-L15:g-syntax-09:outcome_only,evaluation,M22.1-D1-L15,15,D1,g-syntax-09,syntax,1.0,0.04994821548461914,-3.3800458908081055,-3.3300976753234863,-0.041635662317276,outcome_only,0.013369335068596734,1,,
evaluation:M22.1-D1-L15:g-syntax-09:shuffled,evaluation,M22.1-D1-L15,15,D1,g-syntax-09,syntax,1.0,0.04994821548461914,-3.3800458908081055,-3.3300976753234863,-0.041635662317276,shuffled,0.009751319885253906,1,0.07316712657745303,13
evaluation:M22.1-D2-L15:g-syntax-09:updated,evaluation,M22.1-D2-L15,15,D2,g-syntax-09,syntax,1.0,-0.003685474395751953,-3.3800458908081055,-3.3837313652038574,-0.14718645811080933,updated,0.031788408756256104,1,0.05938552807088488,13
evaluation:M22.1-D2-L15:g-syntax-09:no_update,evaluation,M22.1-D2-L15,15,D2,g-syntax-09,syntax,1.0,-0.003685474395751953,-3.3800458908081055,-3.3837313652038574,-0.14718645811080933,no_update,0.01736768086751302,1,0.03531903214095229,1
evaluation:M22.1-D2-L15:g-syntax-09:constant_effect,evaluation,M22.1-D2-L15,15,D2,g-syntax-09,syntax,1.0,-0.003685474395751953,-3.3800458908081055,-3.3837313652038574,-0.14718645811080933,constant_effect,0.013369335068596734,1,,
evaluation:M22.1-D2-L15:g-syntax-09:outcome_only,evaluation,M22.1-D2-L15,15,D2,g-syntax-09,syntax,1.0,-0.003685474395751953,-3.3800458908081055,-3.3837313652038574,-0.14718645811080933,outcome_only,0.013369335068596734,1,,
evaluation:M22.1-D2-L15:g-syntax-09:shuffled,evaluation,M22.1-D2-L15,15,D2,g-syntax-09,syntax,1.0,-0.003685474395751953,-3.3800458908081055,-3.3837313652038574,-0.14718645811080933,shuffled,0.0005788803100585938,1,0.045685815745134334,13
evaluation:M22.1-D1-L0:g-syntax-12:updated,evaluation,M22.1-D1-L0,0,D1,g-syntax-12,syntax,1.0,0.039716243743896484,-4.266631603240967,-4.22691535949707,0.08263438194990158,updated,0.032807489236195884,1,0.12329138613627405,13
evaluation:M22.1-D1-L0:g-syntax-12:no_update,evaluation,M22.1-D1-L0,0,D1,g-syntax-12,syntax,1.0,0.039716243743896484,-4.266631603240967,-4.22691535949707,0.08263438194990158,no_update,0.041385809580485024,1,0.1591114502042553,1
evaluation:M22.1-D1-L0:g-syntax-12:constant_effect,evaluation,M22.1-D1-L0,0,D1,g-syntax-12,syntax,1.0,0.039716243743896484,-4.266631603240967,-4.22691535949707,0.08263438194990158,constant_effect,0.013369335068596734,1,,
evaluation:M22.1-D1-L0:g-syntax-12:outcome_only,evaluation,M22.1-D1-L0,0,D1,g-syntax-12,syntax,1.0,0.039716243743896484,-4.266631603240967,-4.22691535949707,0.08263438194990158,outcome_only,0.013369335068596734,1,,
evaluation:M22.1-D1-L0:g-syntax-12:shuffled,evaluation,M22.1-D1-L0,0,D1,g-syntax-12,syntax,1.0,0.039716243743896484,-4.266631603240967,-4.22691535949707,0.08263438194990158,shuffled,0.028808891773223877,1,0.12007518226315958,13
evaluation:M22.1-D2-L0:g-syntax-12:updated,evaluation,M22.1-D2-L0,0,D2,g-syntax-12,syntax,1.0,-0.10097169876098633,-4.266631603240967,-4.367603302001953,-0.29060009121894836,updated,0.03445770343144735,1,0.15526520634520005,13
evaluation:M22.1-D2-L0:g-syntax-12:no_update,evaluation,M22.1-D2-L0,0,D2,g-syntax-12,syntax,1.0,-0.10097169876098633,-4.266631603240967,-4.367603302001953,-0.29060009121894836,no_update,0.05268343289693197,1,0.21259381497247531,1
evaluation:M22.1-D2-L0:g-syntax-12:constant_effect,evaluation,M22.1-D2-L0,0,D2,g-syntax-12,syntax,1.0,-0.10097169876098633,-4.266631603240967,-4.367603302001953,-0.29060009121894836,constant_effect,0.013369335068596734,1,,
evaluation:M22.1-D2-L0:g-syntax-12:outcome_only,evaluation,M22.1-D2-L0,0,D2,g-syntax-12,syntax,1.0,-0.10097169876098633,-4.266631603240967,-4.367603302001953,-0.29060009121894836,outcome_only,0.013369335068596734,1,,
evaluation:M22.1-D2-L0:g-syntax-12:shuffled,evaluation,M22.1-D2-L0,0,D2,g-syntax-12,syntax,1.0,-0.10097169876098633,-4.266631603240967,-4.367603302001953,-0.29060009121894836,shuffled,0.03845630089441935,1,0.15761618583835926,13
evaluation:M22.1-D1-L8:g-syntax-12:updated,evaluation,M22.1-D1-L8,8,D1,g-syntax-12,syntax,1.0,0.050726890563964844,-4.266631603240967,-4.215904712677002,-0.0683184564113617,updated,0.016083439191182453,1,0.076174008265705,13
evaluation:M22.1-D1-L8:g-syntax-12:no_update,evaluation,M22.1-D1-L8,8,D1,g-syntax-12,syntax,1.0,0.050726890563964844,-4.266631603240967,-4.215904712677002,-0.0683184564113617,no_update,-0.008025685946146647,-1,0.08130007826084083,1
evaluation:M22.1-D1-L8:g-syntax-12:constant_effect,evaluation,M22.1-D1-L8,8,D1,g-syntax-12,syntax,1.0,0.050726890563964844,-4.266631603240967,-4.215904712677002,-0.0683184564113617,constant_effect,0.013369335068596734,1,,
evaluation:M22.1-D1-L8:g-syntax-12:outcome_only,evaluation,M22.1-D1-L8,8,D1,g-syntax-12,syntax,1.0,0.050726890563964844,-4.266631603240967,-4.215904712677002,-0.0683184564113617,outcome_only,0.013369335068596734,1,,
evaluation:M22.1-D1-L8:g-syntax-12:shuffled,evaluation,M22.1-D1-L8,8,D1,g-syntax-12,syntax,1.0,0.050726890563964844,-4.266631603240967,-4.215904712677002,-0.0683184564113617,shuffled,0.006121516227722168,1,0.0785087052798317,13
evaluation:M22.1-D2-L8:g-syntax-12:updated,evaluation,M22.1-D2-L8,8,D2,g-syntax-12,syntax,1.0,-0.008626461029052734,-4.266631603240967,-4.2752580642700195,-0.7174780368804932,updated,0.011889994144439697,1,0.07262252241532736,13
evaluation:M22.1-D2-L8:g-syntax-12:no_update,evaluation,M22.1-D2-L8,8,D2,g-syntax-12,syntax,1.0,-0.008626461029052734,-4.266631603240967,-4.2752580642700195,-0.7174780368804932,no_update,0.0035112698872884116,1,0.07094480467508316,1
evaluation:M22.1-D2-L8:g-syntax-12:constant_effect,evaluation,M22.1-D2-L8,8,D2,g-syntax-12,syntax,1.0,-0.008626461029052734,-4.266631603240967,-4.2752580642700195,-0.7174780368804932,constant_effect,0.013369335068596734,1,,
evaluation:M22.1-D2-L8:g-syntax-12:outcome_only,evaluation,M22.1-D2-L8,8,D2,g-syntax-12,syntax,1.0,-0.008626461029052734,-4.266631603240967,-4.2752580642700195,-0.7174780368804932,outcome_only,0.013369335068596734,1,,
evaluation:M22.1-D2-L8:g-syntax-12:shuffled,evaluation,M22.1-D2-L8,8,D2,g-syntax-12,syntax,1.0,-0.008626461029052734,-4.266631603240967,-4.2752580642700195,-0.7174780368804932,shuffled,0.021851917107899983,1,0.06923125204135244,13
evaluation:M22.1-D1-L15:g-syntax-12:updated,evaluation,M22.1-D1-L15,15,D1,g-syntax-12,syntax,1.0,0.041956424713134766,-4.266631603240967,-4.224675178527832,0.16562491655349731,updated,-0.021458208560943604,-1,0.04978595268101367,13
evaluation:M22.1-D1-L15:g-syntax-12:no_update,evaluation,M22.1-D1-L15,15,D1,g-syntax-12,syntax,1.0,0.041956424713134766,-4.266631603240967,-4.224675178527832,0.16562491655349731,no_update,-0.026706496874491375,-1,0.05119368378378787,1
evaluation:M22.1-D1-L15:g-syntax-12:constant_effect,evaluation,M22.1-D1-L15,15,D1,g-syntax-12,syntax,1.0,0.041956424713134766,-4.266631603240967,-4.224675178527832,0.16562491655349731,constant_effect,0.013369335068596734,1,,
evaluation:M22.1-D1-L15:g-syntax-12:outcome_only,evaluation,M22.1-D1-L15,15,D1,g-syntax-12,syntax,1.0,0.041956424713134766,-4.266631603240967,-4.224675178527832,0.16562491655349731,outcome_only,0.013369335068596734,1,,
evaluation:M22.1-D1-L15:g-syntax-12:shuffled,evaluation,M22.1-D1-L15,15,D1,g-syntax-12,syntax,1.0,0.041956424713134766,-4.266631603240967,-4.224675178527832,0.16562491655349731,shuffled,0.009751319885253906,1,0.07316712657745303,13
evaluation:M22.1-D2-L15:g-syntax-12:updated,evaluation,M22.1-D2-L15,15,D2,g-syntax-12,syntax,1.0,0.06026601791381836,-4.266631603240967,-4.206365585327148,-0.8152648210525513,updated,0.031788408756256104,1,0.05938552807088488,13
evaluation:M22.1-D2-L15:g-syntax-12:no_update,evaluation,M22.1-D2-L15,15,D2,g-syntax-12,syntax,1.0,0.06026601791381836,-4.266631603240967,-4.206365585327148,-0.8152648210525513,no_update,0.01736768086751302,1,0.03531903214095229,1
evaluation:M22.1-D2-L15:g-syntax-12:constant_effect,evaluation,M22.1-D2-L15,15,D2,g-syntax-12,syntax,1.0,0.06026601791381836,-4.266631603240967,-4.206365585327148,-0.8152648210525513,constant_effect,0.013369335068596734,1,,
evaluation:M22.1-D2-L15:g-syntax-12:outcome_only,evaluation,M22.1-D2-L15,15,D2,g-syntax-12,syntax,1.0,0.06026601791381836,-4.266631603240967,-4.206365585327148,-0.8152648210525513,outcome_only,0.013369335068596734,1,,
evaluation:M22.1-D2-L15:g-syntax-12:shuffled,evaluation,M22.1-D2-L15,15,D2,g-syntax-12,syntax,1.0,0.06026601791381836,-4.266631603240967,-4.206365585327148,-0.8152648210525513,shuffled,0.0005788803100585938,1,0.045685815745134334,13
